barrio,poblacion,hogares,nbi
ZEPA,"1,061",255,36
YOFRE SUD,"5,126","1,543",55
YOFRE NORTE,"6,935","2,180",60
YOFRE I,"2,631",791,33
YOFRE H,"1,789",508,29
YAPEYU,"8,373","2,406",142
VIVERO NORTE,"1,571",442,17
VILLA WARCALDE,624,184,20
VILLA UNION,"4,842","1,232",212
VILLA SOLFERINO,664,198,5
VILLA SILVANO FUNES,925,274,15
VILLA SIBURU,"1,333",365,43
VILLA SERRANA,"1,089",275,51
VILLA SAN ISIDRO,844,252,7
VILLA SAN CARLOS,507,161,15
VILLA RIVERA INDARTE,"4,473","1,207",62
VILLA RIVADAVIA,876,226,49
VILLA REVOL ANEXO,876,258,31
VILLA REVOL,"4,327","1,341",58
VILLA RETIRO,455,129,8
VILLA QUISQUIZACATE,"1,477",421,13
VILLA PAEZ,"4,861","1,428",105
VILLA MARTINEZ,"3,496",826,169
VILLA MARTA,981,340,2
VILLA MAFEKIN,"1,923",542,44
VILLA LA MERCED,"1,325",280,61
VILLA GRAN PARQUE,581,155,11
VILLA GENERAL URQUIZA,"6,010","1,524",261
VILLA EUCARISTICA,"1,404",366,6
VILLA ESQUIU,834,224,18
VILLA EL LIBERTADOR,"29,324","7,541","1,048"
VILLA CORONEL OLMEDO,"3,719","1,052",66
VILLA CORNU,"3,637",954,72
VILLA CORINA,"4,622","1,373",78
VILLA CLAUDINA,334,98,6
VILLA CLARET,494,137,4
VILLA CENTENARIO,"2,331",847,13
VILLA CABRERA,"6,437","2,336",28
VILLA BUSTOS,"2,219",538,54
VILLA BELGRANO,"5,152","1,554",24
VILLA AZALAIS OESTE,"1,121",319,14
VILLA AZALAIS ANEXO,351,82,13
VILLA AZALAIS,"7,680","2,225",140
VILLA AVALOS,"1,364",350,88
VILLA ASPACIA,"2,319",607,43
VILLA ARGENTINA,966,313,3
VILLA ALLENDE PARQUE,"5,601","1,512",138
VILLA ALICIA RISLER,"3,062",797,100
VILLA ALBERTO,876,198,25
VILLA ALBERDI,"2,014",547,44
VILLA ADELA,"3,684","1,088",56
VILLA 9 DE JULIO,"8,712","2,383",268
VILLA 4 DE AGOSTO,"1,620",329,81
VICOR,418,93,3
VASQUEZ,119,32,13
VALLE DEL CERRO,701,216,0
URQUIZA,"5,578","1,562",160
URITORCO,428,127,1
URCA,"3,308","1,073",19
UOCRA,"1,906",582,25
TRANVIARIOS,"2,245",720,16
TEODORO FELDS,"3,542","1,258",5
TENIENTE BENJAMIN MATIENZO,"6,873","2,080",45
TEJAS II,687,187,6
TEJAS DEL SUR,"1,454",406,5
TALLERES SUD,"3,940","1,027",145
TALLERES OESTE,"5,925","1,848",62
TALLERES ESTE,"5,542","1,710",59
TABLADA PARK,748,265,0
SUAREZ,"2,807",762,87
SOLARES DE SANTA MARIA- ALTOS DE MANANTIALES,650,192,1
SMATA,"2,291",599,2
SEP SEGUNDA ETAPA,"2,640",759,16
SEP,"1,039",292,7
SARMIENTO,"2,507",785,17
SARGENTO CABRAL,"3,597","1,060",78
SANTA RITA,"1,145",395,13
SANTA ISABEL SECCION 3,"4,047","1,071",51
SANTA ISABEL SECCION 2,"6,113","1,748",100
SANTA ISABEL SECCION 1,"3,583","1,013",45
SANTA ISABEL ANEXO,"1,361",328,24
SANTA CLARA DE ASIS,"1,839",481,8
SANTA CECILIA,"1,089",317,40
SAN VICENTE,"18,145","5,733",291
SAN SALVADOR,"2,101",648,4
SAN RAMON,356,96,11
SAN RAFAEL,"5,172","1,698",20
SAN PEDRO NOLASCO,982,265,26
SAN PABLO,"2,190",672,25
SAN NICOLAS,"2,063",596,44
SAN MARTIN NORTE,"1,945",560,34
SAN MARTIN ANEXO,"3,153","1,078",37
SAN MARTIN,"13,157","4,358",207
SAN MARCELO,270,91,0
SAN LUIS DE FRANCIA,406,107,4
SAN LORENZO NORTE,419,140,5
SAN LORENZO,"1,988",618,17
SAN JOSE,548,166,2
SAN JAVIER,"1,637",413,36
SAN IGNACIO,"2,787",755,82
SAN FRANCISCO,"1,123",362,2
SAN FERNANDO,"4,094","1,612",65
SAN FELIPE,"2,553",667,44
SAN DANIEL,"1,359",455,13
SAN CAYETANO,288,65,6
SAN ANTONIO,323,93,4
SACHI,"1,053",255,28
ROSEDAL ANEXO,916,288,6
ROSEDAL,"2,314",755,6
ROGELIO MARTINEZ,"1,204",390,3
ROCIO DEL SUR,,,
ROCIO,,,
RIVERA INDARTE,"1,742",517,23
RIVADAVIA,"3,105","1,064",25
RESIDENCIAL VELEZ SARSFIELD,"3,161","1,013",6
RESIDENCIAL SUD,947,282,5
RESIDENCIAL SANTA ROSA,"2,741",713,43
RESIDENCIAL SANTA ANA,"1,547",474,13
RESIDENCIAL SAN ROQUE,"13,559","3,398",501
RESIDENCIAL SAN JORGE,"1,120",292,36
RESIDENCIAL SAN CARLOS,"2,868",908,17
RESIDENCIAL OLIVOS,971,311,4
RESIDENCIAL ARAGON,"1,719",432,55
RESIDENCIAL AMERICA,"6,874","2,183",50
RES CHATEAU CARRERAS CO VI CO,201,62,0
RENE FAVALORO II,"1,536",470,9
RENE FAVALORO,"1,012",296,1
RENACIMIENTO,"2,927",699,71
REMEDIOS DE ESCALADA,"4,565","1,256",150
RECREO DEL NORTE,"2,032",487,61
RAMON J CARCANO,"2,031",532,50
QUINTAS DE SAN JORGE,"1,537",340,46
QUINTAS DE ITALIA,436,115,3
QUINTAS DE FLORES,194,44,0
QUINTAS DE ARGUELLO,649,205,2
QUINTA SANTA ANA,648,242,0
QUEBRADA DE LAS ROSAS,"4,842","1,503",20
PUENTE BLANCO,"1,157",354,14
PROVIDENCIA,"4,998","1,856",148
PRIMERA JUNTA,783,253,3
POSTA DE VARGAS,719,171,5
PORTAL DEL JACARANDA,183,54,2
PORTAL DE CORDOBA,"2,234",535,20
POLICIAL,"4,680","1,212",156
POLICARPIO CABRAL,517,157,5
POETA LUGONES,"7,839","2,591",14
PIEDRAS BLANCAS,41,16,0
PATRICIOS OESTE,"5,211","1,370",114
PATRICIOS NORTE,"1,790",485,39
PATRICIOS ESTE,"2,550",653,51
PATRICIOS,"4,731","1,400",67
PATRIA,"1,790",640,5
PASO DE LOS ANDES,"2,529",902,25
PARQUE VELEZ SARSFIELD,"3,045","1,004",8
PARQUE TABLADA,981,323,1
PARQUE SARMIENTO,,,
PARQUE SAN VICENTE,"1,327",451,3
PARQUE SAN CARLOS,749,231,2
PARQUE REPUBLICA,"7,412","1,861",201
PARQUE MONTECRISTO,"1,554",466,6
PARQUE MODELO,259,82,0
PARQUE LOS MOLINOS,864,264,6
PARQUE LICEO SECCION 3,"5,593","1,426",164
PARQUE LICEO SECCION 2,"7,826","2,013",157
PARQUE LICEO SECCION 1,"3,693","1,108",58
PARQUE LATINO,"1,306",432,4
PARQUE JORGE NEWBERY,"2,909",913,16
PARQUE FUTURA,"2,851",703,68
PARQUE DON BOSCO,"4,691","1,385",24
PARQUE DEL ESTE,679,180,24
PARQUE DE LA VIDA,,,
PARQUE DE LA VEGA III,596,180,1
PARQUE DE LA VEGA II,596,155,22
PARQUE COREMA,584,220,1
PARQUE CHATEAU CARRERAS,28,7,1
PARQUE CHACABUCO,"1,164",388,1
PARQUE CAPITAL SUD,"1,443",442,2
PARQUE CAPITAL,"3,972","1,272",6
PARQUE ATLANTICA,"2,249",734,17
PARQUE ALAMEDA,656,195,3
PANAMERICANO,"3,346","1,072",26
PALMAS DEL CLARET,623,211,0
PALMAR,"1,025",283,10
PALERMO BAJO,"1,909",666,3
PADRE CLARET,871,256,0
OSN,"1,993",575,8
ONA,"1,333",405,9
OMBU,"1,681",567,5
OBSERVATORIO,"6,616","2,360",128
OBRERO,"2,481",919,13
NUEVO URCA,104,36,0
NUEVA ITALIA,"3,347",988,54
NUEVA CORDOBA ANEXA,"1,582",500,6
NUEVA CORDOBA,"37,055","20,811",245
NUESTRO HOGAR III,"5,570","1,394",305
NUESTRO HOGAR II,861,209,33
NUESTRO HOGAR I,595,157,18
NICOLAS AVELLANEDA,"1,782",492,16
MUTUAL DE LOS DOCENTES,729,205,1
MIRIZZI,693,163,17
MIRALTA,"3,528",889,145
MIRADOR DEL CHATEAU,377,144,0
MIRADOR,"3,164",956,107
MILITAR GENERAL DEHEZA,825,198,2
MERCANTIL,723,214,3
MAURIZI,756,255,11
MAULLER,"5,734","1,593",125
MARQUES DE SOBREMONTE,"12,304","3,770",170
MARQUES ANEXO,"5,239","1,352",115
MARIANO FRAGUEIRO,"3,630",963,89
MARIANO BALCARCE,"1,994",656,10
MARIA LASTENIA,451,117,11
MARECHAL,"3,557","1,077",61
MARCOS SASTRE,"1,104",281,18
MARCELO T DE ALVEAR,"2,748",751,48
MANANTIALES I-MANANTIALES II,28,6,0
MALDONADO,"8,018","1,873",359
MAIPU SECCION 2,"2,283",764,8
MAIPU SECCION 1,"2,022",679,7
LOURDES,"1,413",318,50
LOS SUENOS,,,
LOS SOLES,,,
LOS SAUCES,"1,635",469,22
LOS ROBLES,"3,479",958,144
LOS PLATANOS,"7,003","2,166",58
LOS PINOS,"1,901",532,21
LOS PARAISOS,"5,079","1,638",40
LOS OLMOS SUD,"1,243",318,24
LOS OLMOS,"1,859",541,21
LOS NARANJOS,"1,615",561,7
LOS JOSEFINOS,371,100,9
LOS JACARANDAES,"1,305",319,70
LOS HORNILLOS,726,174,20
LOS GRANADOS,"3,435",917,41
LOS GIGANTES,"4,442","1,249",49
LOS FRESNOS,"1,067",246,38
LOS FILTROS,852,198,32
LOS EUCALIPTUS,"1,741",480,15
LOS CIELOS,,,
LOS CHINGOLOS,"1,944",473,42
LOS CEIBOS,826,249,7
LOS BOULEVARES,"12,277","3,480",218
LOS ARBOLES,,,
LOS ANGELES,766,282,0
LOS ALAMOS,"1,964",518,33
LOMAS DE SAN MARTIN,"1,734",560,3
LICEO GENERAL PAZ,628,165,14
LAS VIOLETAS,"3,243",834,98
LAS ROSAS,877,346,1
LAS PLAYAS,"2,869",798,49
LAS PALMAS ANEXO,864,230,3
LAS PALMAS,"6,142","1,993",57
LAS MARGARITAS,"2,032",644,19
LAS MAGNOLIAS,"2,459",767,25
LAS LILAS,"2,237",550,56
LAS HUERTILLAS,"1,133",278,27
LAS FLORES,"4,037","1,284",39
LAS DALIAS,649,181,7
LAS CORTADERAS,461,116,18
LAS CANUELAS,30,7,0
LAS CANITAS,203,57,0
LAMADRID,"2,346",666,32
LA TOMA,232,59,18
LA SALLE,707,210,3
LA HORTENSIA,"1,423",371,29
LA FRATERNIDAD,314,88,5
LA FRANCE,"3,218","1,016",30
LA FLORESTA,"1,590",366,72
LA ESPERANZA,306,76,1
LA DOROTEA,526,122,16
LA CAROLINA,700,184,0
KENNEDY,"1,074",326,8
KAIROS,826,182,23
JUNIORS,"6,521","2,409",19
JUAN XXIII,977,308,2
JUAN B JUSTO,"3,088",813,24
JOSE IGNACIO DIAZ SECCION 3,"5,938","1,503",237
JOSE IGNACIO DIAZ SECCION 2,"2,204",598,52
JOSE IGNACIO DIAZ SECCION 1,"4,483","1,196",86
JOSE I RUCCI,126,40,0
JOSE HERNANDEZ,"3,233",951,44
JOCKEY CLUB,258,73,0
JERONIMO LUIS DE CABRERA,"1,636",464,24
JARDINES DEL JOCKEY,516,130,1
JARDIN HIPODROMO,"1,094",322,14
JARDIN ESPINOSA,"1,515",485,3
JARDIN DEL SUD,"1,482",451,3
JARDIN DEL PILAR,"2,131",633,37
JARDIN DEL CLARET,418,136,1
JARDIN,"6,841","2,621",45
ITUZAINGO II,"1,553",394,42
ITUZAINGO ANEXO,"6,081","1,583",138
ITUZAINGO,"3,192",933,18
IRUPE,523,159,10
IPV ANEXO LOS GIGANTES,"2,620",707,18
IPONA,982,402,8
INDUSTRIAL OESTE,"1,621",473,14
INDUSTRIAL ESTE,"1,153",386,1
INDEPENDENCIA,813,294,7
INAUDI,"1,662",459,4
HORIZONTE,"2,016",641,11
HIPOLITO IRIGOYEN,"3,313",893,83
GUINAZU SUD,164,41,3
GUINAZU,"1,361",373,41
GUEMES,"11,588","5,333",428
GUAYAQUIL,587,196,0
GUARNICION MILITAR CORDOBA,268,66,0
GUARNICION AEREA CORDOBA,,,
GRANJA DE FUNES,"3,866","1,228",27
GRANADERO PRINGLES,"2,209",628,16
GENERAL SAVIO,"4,889","1,309",313
GENERAL PUEYRREDON,"24,021","7,938",561
GENERAL PAZ,"9,524","4,209",107
GENERAL MOSCONI,"3,324",851,110
GENERAL BUSTOS,"15,659","4,933",243
GENERAL BELGRANO,"3,154",890,30
GENERAL ARTIGAS,"1,552",471,8
GENERAL ARENALES,"2,318",622,60
FINCAS DEL SUR,490,119,0
FINCA LA DOROTEA,273,72,10
FERROVIARIO MITRE,"1,133",350,42
FERREYRA SEGUNDA SECCION,939,215,32
FERREYRA,"3,868","1,029",101
FERRER,"1,844",462,139
FERIAR,,,
ESTADIO CORDOBA,,,
ESTACION FLORES,"3,876","1,024",124
ESCUELA DE SUBOFICIALES,,,
ESCOBAR,"2,180",733,7
EMPALME CASAS DE OBREROS Y EMPLEADOS,"1,233",375,13
EMPALME,"3,426","1,140",12
EMAUS,219,64,1
EL VIEJO ALGARROBO,324,83,4
EL TREBOL,"1,264",412,6
EL REFUGIO,"1,201",334,2
EL QUEBRACHO,"4,361","1,017",136
EL QUEBRACHAL,150,43,5
EL PUEBLITO,"1,315",332,124
EL PRADO,,,
EL CERRITO,"3,659",920,105
EL CABILDO,"5,049","1,331",88
EL BOSQUE,"1,590",407,6
EL BALCON,,,
EJERCITO ARGENTINO,"1,845",624,8
DUCASSE,936,389,32
DIPAS,,,
DEAN FUNES,"2,124",682,22
DE LOS BIOQUIMICOS,"1,265",348,25
CUPANI,"2,255",674,32
CRISOL SUD,"3,336","1,124",10
CRISOL NORTE,"1,224",541,5
COUNTRY VALLE ESCONDIDO,"3,330",909,4
COUNTRY RANCH CLUB,13,2,0
COUNTRY LOS MIMBRES,93,25,0
COUNTRY LOS ALGARROBOS,180,45,0
COUNTRY LOMAS DE LA CAROLINA,"1,572",383,0
COUNTRY LAS DELICIAS,776,213,2
COUNTRY LA SANTINA - COUNTRY CAMPINA DEL SUR,98,22,0
COUNTRY LA RESERVA,795,207,2
COUNTRY JOCKEY CLUB,"1,555",379,7
COUNTRY FORTIN DEL POZO,428,95,6
COUNTRY CLUB,217,63,0
COUNTRY BARRANCAS,80,23,0
COUNTRY ALTOS DEL CHATEAU,560,126,0
COSTA VERDE,66,20,0
CORRAL DE PALOS,"1,244",342,23
CORDOBA V,300,97,1
CORDOBA IV,399,132,0
COOPERATIVA LA UNIDAD,"2,120",508,32
COOPERATIVA LA HERMOSA,494,99,24
COOPERATIVA EL FUTURO,424,99,12
COOPERATIVA 16 DE NOVIEMBRE,"1,892",459,58
CONSORCIO ESPERANZA,344,97,3
CONSORCIO 16 DE NOVIEMBRE,785,213,12
CONGRESO,"2,534",657,39
COMERCIAL,"6,575","1,700",215
COMANDANTE ESPORA,"1,567",500,10
COLONIA LOLA,"4,709","1,184",146
COLON,"3,862","1,259",30
COLINAS DEL CERRO,"2,264",674,27
COLINAS DE VELEZ SARSFIELD,"1,642",581,4
COLINAS DE BELLA VISTA,817,242,13
COFICO,498,177,1
CLAROS DEL BOSQUE,146,38,5
CIUDADELA,"1,442",469,10
CIUDAD VILLA RETIRO,"1,402",316,57
CIUDAD UNIVERSITARIA,,,
CIUDAD PARQUE LAS ROSAS,"1,385",325,26
CIUDAD OBISPO ANGELELLI,"1,828",403,81
CIUDAD MI ESPERANZA,"1,492",349,50
CIUDAD EVITA,"2,662",638,95
CIUDAD DE MIS SUENOS,"2,147",511,85
CIUDAD DE LOS CUARTETOS,"2,204",489,68
CIUDAD DE LAS ARTES,,,
CIUDAD DE JUAN PABLO II,"2,125",552,45
CIUDAD AMPLIACION FERREYRA,,,
CIUDAD AMPLIACION CABILDO,"2,593",577,93
CIRCUNVALACION,,,
CHATEAU CARRERAS,"1,624",514,3
CERVECEROS,"3,893","1,094",17
CERRO NORTE,"5,374","1,449",111
CERRO DE LAS ROSAS,"5,947","1,944",3
CERRO CHICO,"2,719","1,019",6
CENTRO AMERICA,"5,529","1,658",36
CENTRO,"28,200","14,423",568
CASEROS,"1,497",619,6
CARRARA,295,75,11
CAROLA LORENZINI,426,145,3
CARBO,"1,444",395,29
CAMPING GRL SAN MARTIN,,,
CAMINO A VILLA POSSE,96,22,5
CAMINO A SAN CARLOS,"1,123",316,58
CALIFORNIA,600,196,12
CACERES,875,248,21
CABO FARINA,"2,287",647,79
CABANA DEL PILAR,458,151,0
BRIGADIER SAN MARTIN,392,119,0
BOEDO,"2,664",567,154
BIALET MASSE,"2,091",591,20
BH_CAMINO A 60 CUADRAS,"1,615",422,89
BETANIA,"1,992",480,65
BELLA VISTA OESTE,"1,828",532,28
BELLA VISTA,"4,607","1,364",118
BARRANCAS DEL SUR,172,40,0
BAJO GENERAL PAZ,"1,223",423,7
BAJO GALAN,810,301,6
BAJADA SAN ROQUE,388,125,3
BAJADA DE PIEDRA,889,225,26
AYACUCHO,"4,356","1,435",15
AVENIDA,"1,121",352,4
ATE,968,324,6
ARTURO CAPDEVILA,"1,818",484,7
ARGUELLO NORTE,"15,574","4,079",539
ARGUELLO II,"2,677",623,91
ARGUELLO,"14,865","4,354",87
APEADERO LA TABLADA,443,133,3
ANEXO LOS ALAMOS,757,218,3
ANA MARIA ZUMARAN,"3,542","1,198",36
AMPLIACION VELEZ SARSFIELD,"1,625",449,14
AMPLIACION URCA,"2,059",630,3
AMPLIACION SAN PABLO,"2,247",735,2
AMPLIACION SAN FERNANDO,"3,375","1,000",48
AMPLIACION ROSEDAL,"3,123",814,40
AMPLIACION RESIDENCIAL AMERICA,"5,488","1,603",53
AMPLIACION PUEYRREDON,"1,809",553,14
AMPLIACION PRIMERO DE MAYO,"1,690",389,40
AMPLIACION POETA LUGONES,"2,830",839,2
AMPLIACION PARQUE SAN CARLOS,"1,070",311,4
AMPLIACION PANAMERICANO,"1,545",528,10
AMPLIACION PALMAR,"1,356",380,6
AMPLIACION LOS PLATANOS,"1,060",281,10
AMPLIACION LOS ALAMOS,795,194,4
AMPLIACION LAS PALMAS,"1,750",513,12
AMPLIACION KENNEDY,370,105,7
AMPLIACION JOSE IGNACIO DIAZ SECCION 3,668,152,22
AMPLIACION JOSE IGNACIO DIAZ SECCION 2,"1,883",430,56
AMPLIACION JARDIN ESPINOSA,519,158,0
AMPLIACION GENERAL ARTIGAS,"2,325",661,20
AMPLIACION EMPALME,"3,115",940,25
AMPLIACION CABO FARINA,280,73,12
AMPLIACION BENJAMIN MATIENZO,"1,012",256,27
AMPLIACION ALTAMIRA,"1,897",504,37
AMEGHINO SUD,"3,449","1,093",18
AMEGHINO NORTE,"3,781","1,008",124
ALTOS SUD DE SAN VICENTE,"1,023",275,21
ALTOS SAN MARTIN,"1,279",440,3
ALTOS DE VILLA CABRERA,"1,164",400,5
ALTOS DE VELEZ SARSFIELD,"1,678",544,7
ALTO VERDE,"3,956","1,287",3
ALTO PALERMO,923,311,0
ALTO HERMOSO,134,39,0
HOGAR PROPIO,"4,716","1,581",56
ALTO DE SANTA ANA,"1,508",424,20
ALTO DE DON BOSCO,675,212,0
ALTO ALBERDI,"30,472","10,101",389
ALTAMIRA,"6,103","1,895",36
ALTA CORDOBA,"34,575","12,560",372
ALMIRANTE BROWN,"1,019",246,13
ALEJANDRO CENTENO,"1,231",432,2
ALBORADA SUR,311,99,1
ALBORADA NORTE,405,133,2
ALBERDI,"32,729","15,505",858
AIRES DEL SUR,142,32,0
AEROPUERTO,272,76,5
AERONAUTICO- VILLA ZEPELLIN,928,256,7
ACOSTA,"5,512","1,519",137
ACHAVAL PENA,754,218,10
4 DE FEBRERO,854,207,16
25 DE MAYO,441,113,31
23 DE ABRIL,"1,879",424,69
20 DE JUNIO,661,157,28
2 DE SEPTIEMBRE,"2,624",588,126
1 DE MAYO,"9,998","2,788",171
DE LOS DOCENTES,155,48,0
SIN BARRIO,"18,570","5,008",982
