barrio,poblacion,hogares,nbi,pct_nbi,escuelas_total,escuelas_estatales,escuelas_privadas,dispensarios_municipales,paradas_colectivo,lineas_colectivo,luminarias_reportes,comisarias,centros_vecinales,poblacion_log,pct_escuelas_privadas,escuelas_por_1000_hab,dispensarios_por_10000_hab,comisarias_por_10000_hab,paradas_por_1000_hab,centros_vecinales_por_10000_hab,tiene_escuela,tiene_dispensario,tiene_comisaria,tiene_transporte,infraestructura_score,centroide_lat,centroide_lon,tamano_promedio_hogar,educacion_ratio_publico_privado,ranking_infraestructura,percentil_infraestructura
1 DE MAYO,19996.0,5576.0,342.0,6.13,7,5,2,0,16,3,38,0,2,9.903,0.286,0.35,0.0,0.0,0.8,1.0,1,0,0,1,0.0391,-31.4359592193562,-64.1176949424045,3.59,2.5,445,10.1
2 DE SEPTIEMBRE,2624.0,588.0,126.0,21.43,1,1,0,1,11,3,0,0,1,7.873,0.0,0.38,3.81,0.0,4.19,3.81,1,1,0,1,0.2311,-31.3336313559965,-64.2419277567805,4.46,1.0,188,62.1
20 DE JUNIO,661.0,200.0,28.0,14.0,0,0,0,1,16,5,5,0,0,6.495,0.0,0.0,6.656999999999986,0.0,24.0,0.0,0,1,0,1,0.6667,-31.38667683145,-64.1637940986309,3.3,0.0,20,95.9
23 DE ABRIL,1879.0,424.0,69.0,16.27,0,0,0,0,3,1,30,0,1,7.539,0.0,0.0,0.0,0.0,1.6,5.32,0,0,0,1,0.0296,-31.4576861165788,-64.1279620826956,4.43,0.0,455,8.1
25 DE MAYO,500.0,200.0,31.0,15.5,5,5,0,0,12,1,4,0,4,6.217,0.0,4.8035,0.0,0.0,24.0,80.0,1,0,0,1,0.7778,-31.4900986725101,-64.0823231112529,2.5,5.0,6,98.5
4 DE FEBRERO,854.0,207.0,16.0,7.73,0,0,0,0,2,2,11,0,1,6.751,0.0,0.0,0.0,0.0,2.34,11.71,0,0,0,1,0.0433,-31.4561267034649,-64.1456965562471,4.13,0.0,438,11.5
ACHAVAL PENA,754.0,218.0,10.0,4.59,0,0,0,0,6,1,78,0,0,6.627,0.0,0.0,0.0,0.0,7.96,0.0,0,0,0,1,0.1474,-31.436225387803,-64.2040585961533,3.46,0.0,297,40.1
ACOSTA,5512.0,1519.0,137.0,9.02,7,7,0,0,18,3,15,0,1,8.615,0.0,1.27,0.0,0.0,3.27,1.81,1,0,0,1,0.1487,-31.4236045698365,-64.1235108429697,3.63,7.0,286,42.3
AERONAUTICO- VILLA ZEPELLIN,928.0,256.0,7.0,2.73,4,4,0,0,10,1,0,0,0,6.834,0.0,4.31,0.0,0.0,10.78,0.0,1,0,0,1,0.4987,-31.4304095651434,-64.270881350096,3.62,4.0,48,90.5
AEROPUERTO,500.0,200.0,5.0,2.5,1,1,0,0,8,2,0,0,0,6.217,0.0,2.0,0.0,0.0,16.0,0.0,1,0,0,1,0.4351,-31.3249626672809,-64.1957356859382,2.5,1.0,71,85.8
AIRES DEL SUR,500.0,200.0,0.0,0.0,0,0,0,0,2,2,0,0,0,6.217,0.0,0.0,0.0,0.0,4.0,0.0,0,0,0,1,0.0741,-31.4642440553401,-64.1844348530897,2.5,0.0,406,17.5
ALBERDI,32729.0,15505.0,858.0,5.53,38,14,24,0,47,27,354,2,2,10.396,0.632,1.16,0.0,0.61,1.44,0.61,1,0,1,1,0.1507,-31.408369589323,-64.2021742180649,2.11,0.58,284,42.7
ALBORADA NORTE,500.0,200.0,2.0,1.0,0,0,0,0,17,5,0,0,0,6.217,0.0,0.0,0.0,0.0,24.0,0.0,0,0,0,1,0.4444,-31.3416624086498,-64.2683019408073,2.5,0.0,59,87.4
ALBORADA SUR,500.0,200.0,1.0,0.5,0,0,0,0,7,3,23,0,0,6.217,0.0,0.0,0.0,0.0,14.0,0.0,0,0,0,1,0.2593,-31.3620500617943,-64.2251144260463,2.5,0.0,156,68.4
ALEJANDRO CENTENO,1231.0,432.0,2.0,0.46,2,2,0,0,10,3,21,0,1,7.116,0.0,1.62,0.0,0.0,8.12,8.12,1,0,0,1,0.2628,-31.3582805289735,-64.231473963748,2.85,2.0,154,69.0
ALMIRANTE BROWN,1019.0,246.0,13.0,5.28,2,2,0,0,6,4,16,0,2,6.928,0.0,1.96,0.0,0.0,5.89,19.63,1,0,0,1,0.2451,-31.4616440154167,-64.0911138850279,4.14,2.0,172,65.4
ALTA CORDOBA,34575.0,12560.0,372.0,2.96,33,13,20,0,31,9,544,1,0,10.451,0.606,0.95,0.0,0.29,0.9,0.0,1,0,1,1,0.1033,-31.3903799365102,-64.1842494728698,2.75,0.65,369,25.4
ALTAMIRA,6103.0,1895.0,36.0,1.9,2,1,1,1,17,4,91,0,0,8.717,0.5,0.33,1.64,0.0,2.79,0.0,1,1,0,1,0.1293,-31.4251579009481,-64.1312574377859,3.22,1.0,317,36.0
ALTO ALBERDI,30472.0,10101.0,389.0,3.85,40,15,25,1,48,14,369,2,2,10.325,0.625,1.31,0.33,0.66,1.58,0.66,1,1,1,1,0.1782,-31.4077929131874,-64.219940676278,3.02,0.6,244,50.8
ALTO DE DON BOSCO,675.0,212.0,0.0,0.0,0,0,0,0,0,0,0,0,0,6.516,0.0,0.0,0.0,0.0,0.0,0.0,0,0,0,0,0.0,-31.3869535266229,-64.2657645536358,3.18,0.0,469,2.7
ALTO DE SANTA ANA,1508.0,424.0,20.0,4.72,0,0,0,0,6,2,63,0,0,7.319,0.0,0.0,0.0,0.0,3.98,0.0,0,0,0,1,0.0737,-31.4064423364043,-64.2489468672371,3.56,0.0,412,16.8
ALTO HERMOSO,500.0,200.0,0.0,0.0,0,0,0,0,8,3,0,0,0,6.217,0.0,0.0,0.0,0.0,16.0,0.0,0,0,0,1,0.2963,-31.3302939640896,-64.3052937554776,2.5,0.0,132,73.1
ALTO PALERMO,923.0,311.0,0.0,0.0,1,1,0,0,25,13,158,0,0,6.829,0.0,1.08,0.0,0.0,24.0,0.0,1,0,0,1,0.5194,-31.3756925958522,-64.2247362943992,2.97,1.0,42,91.7
ALTO VERDE,3956.0,1287.0,3.0,0.23,6,2,4,0,7,2,592,0,0,8.283,0.667,1.52,0.0,0.0,1.77,0.0,1,0,0,1,0.1383,-31.3735358226288,-64.2141325964614,3.07,0.5,307,38.1
ALTOS DE VELEZ SARSFIELD,1678.0,544.0,7.0,1.29,1,1,0,0,10,4,170,0,1,7.426,0.0,0.6,0.0,0.0,5.96,5.96,1,0,0,1,0.152,-31.4483323168207,-64.2140975038702,3.08,1.0,282,43.1
ALTOS DE VILLA CABRERA,1164.0,400.0,5.0,1.25,1,1,0,0,18,13,173,0,0,7.06,0.0,0.86,0.0,0.0,15.46,0.0,1,0,0,1,0.346,-31.3812472018439,-64.2196230940151,2.91,1.0,104,79.1
ALTOS SAN MARTIN,1279.0,440.0,3.0,0.68,0,0,0,0,7,2,177,0,0,7.155,0.0,0.0,0.0,0.0,5.47,0.0,0,0,0,1,0.1013,-31.3772325958898,-64.2143578517347,2.91,0.0,376,24.1
ALTOS SUD DE SAN VICENTE,1023.0,275.0,21.0,7.64,0,0,0,0,4,2,7,0,0,6.931,0.0,0.0,0.0,0.0,3.91,0.0,0,0,0,1,0.0724,-31.4371311914398,-64.1408888444944,3.72,0.0,415,16.2
AMEGHINO NORTE,3781.0,1008.0,124.0,12.3,1,1,0,1,17,7,79,0,1,8.238,0.0,0.26,2.64,0.0,4.5,2.64,1,1,0,1,0.1895,-31.4291728661583,-64.2372008417107,3.75,1.0,234,52.8
AMEGHINO SUD,3449.0,1093.0,18.0,1.65,4,4,0,0,22,8,343,0,1,8.146,0.0,1.16,0.0,0.0,6.38,2.9,1,0,0,1,0.1986,-31.4344344120781,-64.2375798932284,3.16,4.0,222,55.3
AMPLIACION ALTAMIRA,1897.0,504.0,37.0,7.34,0,0,0,1,16,2,9,0,2,7.549,0.0,0.0,5.27,0.0,8.43,10.54,0,1,0,1,0.332,-31.418800365534,-64.130149050924,3.76,0.0,112,77.5
AMPLIACION BENJAMIN MATIENZO,2024.0,512.0,54.0,10.55,4,4,0,0,8,3,40,0,0,7.613,0.0,1.98,0.0,0.0,3.95,0.0,1,0,0,1,0.2105,-31.44629840021855,-64.2349158491345,3.95,4.0,212,57.3
AMPLIACION CABO FARINA,500.0,200.0,12.0,6.0,0,0,0,0,3,1,17,0,1,6.217,0.0,0.0,0.0,0.0,6.0,20.0,0,0,0,1,0.1111,-31.4615420959235,-64.2148780007921,2.5,0.0,347,29.1
AMPLIACION EMPALME,3115.0,940.0,25.0,2.66,0,0,0,1,25,3,19,0,1,8.044,0.0,0.0,3.21,0.0,8.03,3.21,0,1,0,1,0.2559,-31.4317354197924,-64.1252161280049,3.31,0.0,160,67.8
AMPLIACION GENERAL ARTIGAS,2325.0,661.0,20.0,3.03,0,0,0,0,1,0,80,0,2,7.752,0.0,0.0,0.0,0.0,0.43,8.6,0,0,0,1,0.008,-31.4632233206896,-64.1958875212659,3.52,0.0,467,5.7
AMPLIACION JARDIN ESPINOSA,519.0,200.0,0.0,0.0,0,0,0,0,10,4,128,0,0,6.254,0.0,0.0,0.0,0.0,19.27,0.0,0,0,0,1,0.3569,-31.4554158322251,-64.1732980577387,2.6,0.0,101,79.8
AMPLIACION JOSE IGNACIO DIAZ SECCION 2,1883.0,430.0,56.0,13.02,1,1,0,1,8,2,0,0,1,7.541,0.0,0.53,5.31,0.0,4.25,5.31,1,1,0,1,0.2927,-31.4509219153054,-64.1466007273166,4.38,1.0,140,71.9
AMPLIACION JOSE IGNACIO DIAZ SECCION 3,668.0,200.0,22.0,11.0,0,0,0,0,9,3,0,0,1,6.506,0.0,0.0,0.0,0.0,13.47,14.97,0,0,0,1,0.2494,-31.4507822343279,-64.1432181375558,3.34,0.0,167,66.4
AMPLIACION KENNEDY,500.0,200.0,7.0,3.5,0,0,0,0,12,3,20,0,0,6.217,0.0,0.0,0.0,0.0,24.0,0.0,0,0,0,1,0.4444,-31.4562968531853,-64.1943881636183,2.5,0.0,59,87.4
AMPLIACION LAS PALMAS,1750.0,513.0,12.0,2.34,2,2,0,0,19,8,182,0,1,7.468,0.0,1.14,0.0,0.0,10.86,5.71,1,0,0,1,0.2802,-31.4010828106417,-64.2428597732512,3.41,2.0,147,70.4
AMPLIACION LOS ALAMOS,795.0,200.0,4.0,2.0,0,0,0,0,6,6,0,0,0,6.68,0.0,0.0,0.0,0.0,7.55,0.0,0,0,0,1,0.1398,-31.3644166507386,-64.1542919428214,3.98,0.0,305,38.5
AMPLIACION LOS PLATANOS,1060.0,281.0,10.0,3.56,0,0,0,0,5,2,18,0,1,6.967,0.0,0.0,0.0,0.0,4.72,9.43,0,0,0,1,0.0874,-31.4186010236435,-64.2341405576036,3.77,0.0,386,22.0
AMPLIACION PALMAR,1356.0,380.0,6.0,1.58,2,2,0,0,11,2,7,0,1,7.213,0.0,1.47,0.0,0.0,8.11,7.37,1,0,0,1,0.2522,-31.3875352636237,-64.1202527784613,3.57,2.0,162,67.4
AMPLIACION PANAMERICANO,1545.0,528.0,10.0,1.89,0,0,0,0,4,3,54,0,1,7.343,0.0,0.0,0.0,0.0,2.59,6.47,0,0,0,1,0.048,-31.365476066006,-64.1799886672889,2.93,0.0,437,11.7
AMPLIACION PARQUE SAN CARLOS,1070.0,311.0,4.0,1.29,0,0,0,0,4,2,0,0,0,6.976,0.0,0.0,0.0,0.0,3.74,0.0,0,0,0,1,0.0693,-31.4499585215276,-64.1563841653437,3.44,0.0,422,14.8
AMPLIACION POETA LUGONES,2830.0,839.0,2.0,0.24,1,1,0,0,9,2,147,0,1,7.948,0.0,0.35,0.0,0.0,3.18,3.53,1,0,0,1,0.0832,-31.3597595516254,-64.2227669849132,3.37,1.0,395,20.2
AMPLIACION PRIMERO DE MAYO,1690.0,389.0,40.0,10.28,3,0,3,0,6,3,0,0,1,7.433,1.0,1.78,0.0,0.0,3.55,5.92,1,0,0,1,0.1893,-31.4437153991218,-64.1123370937661,4.34,0.0,235,52.6
AMPLIACION PUEYRREDON,1809.0,553.0,14.0,2.53,5,4,1,0,14,5,18,0,1,7.501,0.2,2.76,0.0,0.0,7.74,5.53,1,0,0,1,0.3349,-31.393666954668,-64.1450821797477,3.27,4.0,107,78.5
AMPLIACION RESIDENCIAL AMERICA,5488.0,1603.0,53.0,3.31,7,4,3,0,9,1,133,0,2,8.611,0.429,1.28,0.0,0.0,1.64,3.64,1,0,0,1,0.1192,-31.376008249888,-64.1612331264453,3.42,1.33,329,33.6
AMPLIACION ROSEDAL,3123.0,814.0,40.0,4.91,0,0,0,1,8,3,276,0,1,8.047,0.0,0.0,3.2,0.0,2.56,3.2,0,1,0,1,0.1542,-31.4399633501796,-64.2242393178094,3.84,0.0,280,43.5
AMPLIACION SAN FERNANDO,3375.0,1000.0,48.0,4.8,0,0,0,0,5,1,80,0,0,8.124,0.0,0.0,0.0,0.0,1.48,0.0,0,0,0,1,0.0274,-31.4534767190212,-64.1916184339401,3.38,0.0,457,7.7
AMPLIACION SAN PABLO,2247.0,735.0,2.0,0.27,4,4,0,0,5,2,66,0,1,7.718,0.0,1.78,0.0,0.0,2.23,4.45,1,0,0,1,0.1648,-31.4520403999847,-64.1597214554589,3.06,4.0,266,46.4
AMPLIACION URCA,2059.0,630.0,3.0,0.48,0,0,0,0,0,0,0,0,0,7.63,0.0,0.0,0.0,0.0,0.0,0.0,0,0,0,0,0.0,-31.3861014776024,-64.2397057643087,3.27,0.0,469,2.7
AMPLIACION VELEZ SARSFIELD,1625.0,449.0,14.0,3.12,0,0,0,0,10,4,49,0,0,7.394,0.0,0.0,0.0,0.0,6.15,0.0,0,0,0,1,0.1139,-31.4536351703001,-64.2155839465438,3.62,0.0,338,31.8
ANA MARIA ZUMARAN,3542.0,1198.0,36.0,3.01,7,4,3,0,6,4,269,0,1,8.173,0.429,1.98,0.0,0.0,1.69,2.82,1,0,0,1,0.1687,-31.3788939846699,-64.2012741737084,2.96,1.33,257,48.2
ANEXO LOS ALAMOS,757.0,218.0,3.0,1.38,0,0,0,0,7,3,0,0,0,6.631,0.0,0.0,0.0,0.0,9.25,0.0,0,0,0,1,0.1713,-31.3666642452745,-64.1594514014465,3.47,0.0,253,49.0
APEADERO LA TABLADA,500.0,200.0,3.0,1.5,0,0,0,0,2,2,33,0,0,6.217,0.0,0.0,0.0,0.0,4.0,0.0,0,0,0,1,0.0741,-31.3520184390118,-64.2355975006689,2.5,0.0,406,17.5
ARGUELLO,14865.0,4354.0,87.0,2.0,24,5,19,0,15,3,533,0,1,9.607,0.792,1.61,0.0,0.0,1.01,0.67,1,0,0,1,0.1304,-31.3461722429859,-64.262051826128,3.41,0.26,316,36.2
ARGUELLO II,2677.0,623.0,91.0,14.61,2,2,0,0,3,1,0,0,0,7.893,0.0,0.75,0.0,0.0,1.12,0.0,1,0,0,1,0.0728,-31.3247249919385,-64.2422392486779,4.3,2.0,414,16.4
ARGUELLO NORTE,15574.0,4079.0,539.0,13.21,13,11,2,0,20,3,59,1,1,9.653,0.154,0.83,0.0,0.64,1.28,0.64,1,0,1,1,0.1269,-31.3308180580161,-64.2488448935656,3.82,5.5,320,35.3
ARTURO CAPDEVILA,1818.0,484.0,7.0,1.45,4,4,0,0,18,3,24,0,0,7.506,0.0,2.2,0.0,0.0,9.9,0.0,1,0,0,1,0.336,-31.3761910181056,-64.131224666199,3.76,4.0,106,78.7
ATE,968.0,324.0,6.0,1.85,0,0,0,0,13,8,189,0,1,6.876,0.0,0.0,0.0,0.0,13.43,10.33,0,0,0,1,0.2487,-31.4341764450624,-64.2307559136671,2.99,0.0,168,66.2
AVENIDA,1121.0,352.0,4.0,1.14,3,0,3,0,5,5,72,0,0,7.023,1.0,2.68,0.0,0.0,4.46,0.0,1,0,0,1,0.2686,-31.4281121539283,-64.2169629957844,3.18,0.0,151,69.6
AYACUCHO,4356.0,1435.0,15.0,1.05,4,2,2,0,38,8,185,0,2,8.38,0.5,0.92,0.0,0.0,8.72,4.59,1,0,0,1,0.2253,-31.3790860572758,-64.1710426559524,3.04,1.0,194,60.9
BAJADA DE PIEDRA,889.0,225.0,26.0,11.56,0,0,0,0,12,4,19,0,1,6.791,0.0,0.0,0.0,0.0,13.5,11.25,0,0,0,1,0.25,-31.414768303164,-64.1450691476688,3.95,0.0,165,66.8
BAJADA SAN ROQUE,500.0,200.0,3.0,1.5,1,1,0,0,4,3,0,0,0,6.217,0.0,2.0,0.0,0.0,8.0,0.0,1,0,0,1,0.2869,-31.4270086711897,-64.2050175366239,2.5,1.0,145,70.9
BAJO GALAN,810.0,301.0,6.0,1.99,1,1,0,0,29,17,57,1,1,6.698,0.0,1.23,0.0,1.5584999999999962,24.0,12.35,1,0,1,1,0.6409,-31.393145323592,-64.2020960413652,2.69,1.0,25,95.1
BAJO GENERAL PAZ,1223.0,423.0,7.0,1.65,4,3,1,0,33,11,22,0,1,7.11,0.25,3.27,0.0,0.0,24.0,8.18,1,0,0,1,0.6714,-31.415001699413,-64.1586498297489,2.89,3.0,19,96.4
BARRANCAS DEL SUR,500.0,200.0,0.0,0.0,0,0,0,0,3,2,0,0,0,6.217,0.0,0.0,0.0,0.0,6.0,0.0,0,0,0,1,0.1111,-31.4629669528025,-64.1843646320929,2.5,0.0,347,29.1
BELLA VISTA,4607.0,1364.0,118.0,8.65,5,5,0,0,9,5,249,0,0,8.436,0.0,1.09,0.0,0.0,1.95,0.0,1,0,0,1,0.1118,-31.4310760948932,-64.2017610385703,3.38,5.0,345,30.4
BELLA VISTA OESTE,1828.0,532.0,28.0,5.26,0,0,0,0,4,1,31,0,1,7.512,0.0,0.0,0.0,0.0,2.19,5.47,0,0,0,1,0.0406,-31.4325822240742,-64.2076232592013,3.44,0.0,442,10.7
BETANIA,1992.0,480.0,65.0,13.54,0,0,0,0,10,2,15,0,4,7.597,0.0,0.0,0.0,0.0,5.02,20.08,0,0,0,1,0.093,-31.4568137138722,-64.0910018817445,4.15,0.0,382,22.9
BH_CAMINO A 60 CUADRAS,1615.0,422.0,89.0,21.09,0,0,0,0,0,0,0,0,1,7.388,0.0,0.0,0.0,0.0,0.0,6.19,0,0,0,0,0.0,-31.4988602721623,-64.1435230251151,3.83,0.0,469,2.7
BIALET MASSE,2091.0,591.0,20.0,3.38,0,0,0,1,9,2,138,0,1,7.646,0.0,0.0,4.78,0.0,4.3,4.78,0,1,0,1,0.2392,-31.4525117900242,-64.1651467142123,3.54,0.0,178,64.2
BOEDO,2664.0,567.0,154.0,27.16,0,0,0,0,6,1,38,0,1,7.888,0.0,0.0,0.0,0.0,2.25,3.75,0,0,0,1,0.0417,-31.4319549557882,-64.1081671999376,4.7,0.0,441,10.9
BRIGADIER SAN MARTIN,500.0,200.0,0.0,0.0,5,5,0,0,32,4,43,0,3,6.217,0.0,4.8035,0.0,0.0,24.0,60.0,1,0,0,1,0.7778,-31.3411226022524,-64.2394604532514,2.5,5.0,6,98.5
CABANA DEL PILAR,500.0,200.0,0.0,0.0,0,0,0,0,12,8,122,0,0,6.217,0.0,0.0,0.0,0.0,24.0,0.0,0,0,0,1,0.4444,-31.4422675134741,-64.167683330608,2.5,0.0,59,87.4
CABO FARINA,4574.0,1294.0,158.0,12.21,0,0,0,1,8,4,146,0,0,8.428,0.0,0.0,2.19,0.0,1.75,0.0,0,1,0,1,0.1055,-31.46548795914475,-64.20747572478724,3.53,0.0,366,26.1
CACERES,875.0,248.0,21.0,8.47,2,2,0,0,10,3,63,1,0,6.775,0.0,2.29,0.0,1.5584999999999962,11.43,0.0,1,0,1,1,0.4817,-31.4334534441777,-64.1995556046831,3.53,2.0,51,89.8
CALIFORNIA,600.0,200.0,12.0,6.0,1,1,0,0,8,8,70,0,0,6.399,0.0,1.67,0.0,0.0,13.33,0.0,1,0,0,1,0.3627,-31.4512195238216,-64.2049114948959,3.0,1.0,95,81.0
CAMINO A SAN CARLOS,1123.0,316.0,58.0,18.35,0,0,0,0,0,0,0,0,0,7.025,0.0,0.0,0.0,0.0,0.0,0.0,0,0,0,0,0.0,-31.498433296585,-64.1602009421762,3.55,0.0,469,2.7
CAMINO A VILLA POSSE,500.0,200.0,5.0,2.5,2,2,0,0,4,1,0,0,1,6.217,0.0,4.0,0.0,0.0,8.0,20.0,1,0,0,1,0.4257,-31.4454314028892,-64.1016340990286,2.5,2.0,73,85.3
CAMPING GRL SAN MARTIN,500.0,200.0,0.0,0.0,0,0,0,0,0,0,0,0,1,6.217,0.0,0.0,0.0,0.0,0.0,20.0,0,0,0,0,0.0,-31.3643753189019,-64.2618877279315,2.5,0.0,469,2.7
CARBO,1444.0,395.0,29.0,7.34,0,0,0,1,32,3,15,0,2,7.276,0.0,0.0,6.656999999999986,0.0,22.16,13.85,0,1,0,1,0.6326,-31.481475590577,-64.2062215826798,3.66,0.0,27,94.7
CAROLA LORENZINI,500.0,200.0,3.0,1.5,0,0,0,0,7,6,10,0,1,6.217,0.0,0.0,0.0,0.0,14.0,20.0,0,0,0,1,0.2593,-31.4287913300171,-64.2143267353581,2.5,0.0,156,68.4
CARRARA,500.0,200.0,11.0,5.5,0,0,0,1,10,2,9,0,0,6.217,0.0,0.0,6.656999999999986,0.0,20.0,0.0,0,1,0,1,0.5926,-31.4539727871905,-64.2571015075561,2.5,0.0,30,94.0
CASEROS,1497.0,619.0,6.0,0.97,1,1,0,0,10,4,2,0,0,7.312,0.0,0.67,0.0,0.0,6.68,0.0,1,0,0,1,0.1702,-31.4142417872261,-64.2082520348117,2.42,1.0,254,48.7
CENTRO,28200.0,14423.0,568.0,3.94,40,19,21,0,120,64,1419,1,2,10.247,0.525,1.42,0.0,0.35,4.26,0.71,1,0,1,1,0.2024,-31.4178042932322,-64.1834500355127,1.96,0.9,218,56.1
CENTRO AMERICA,5529.0,1658.0,36.0,2.17,5,5,0,0,16,2,330,0,1,8.618,0.0,0.9,0.0,0.0,2.89,1.81,1,0,0,1,0.116,-31.3711168685116,-64.169598089564,3.33,5.0,335,32.4
CERRO CHICO,2719.0,1019.0,6.0,0.59,0,0,0,0,25,6,99,0,0,7.908,0.0,0.0,0.0,0.0,9.19,0.0,0,0,0,1,0.1702,-31.3661094460602,-64.2218998049562,2.67,0.0,254,48.7
CERRO DE LAS ROSAS,5947.0,1944.0,3.0,0.15,19,5,14,0,11,10,308,1,1,8.691,0.737,3.19,0.0,1.5584999999999962,1.85,1.68,1,0,1,1,0.3667,-31.3721205657055,-64.2338114049795,3.06,0.36,93,81.4
CERRO NORTE,5374.0,1449.0,111.0,7.66,2,2,0,0,17,2,108,0,0,8.59,0.0,0.37,0.0,0.0,3.16,0.0,1,0,0,1,0.0842,-31.3209690442071,-64.2768733858269,3.71,2.0,391,21.1
CERVECEROS,3893.0,1094.0,17.0,1.55,5,5,0,1,11,2,68,0,1,8.267,0.0,1.28,2.57,0.0,2.83,2.57,1,1,0,1,0.227,-31.4645962351559,-64.1590022913468,3.56,5.0,192,61.3
CHATEAU CARRERAS,1624.0,514.0,3.0,0.58,11,4,7,0,15,4,113,1,0,7.393,0.636,4.8035,0.0,1.5584999999999962,9.24,0.0,1,0,1,1,0.6156,-31.3816923685587,-64.2552177396363,3.16,0.57,29,94.3
CIRCUNVALACION,500.0,200.0,0.0,0.0,0,0,0,0,15,18,0,0,1,6.217,0.0,0.0,0.0,0.0,24.0,20.0,0,0,0,1,0.4444,-31.41451436457093,-64.20343550824263,2.5,0.0,59,87.4
CIUDAD AMPLIACION CABILDO,2593.0,577.0,93.0,16.12,2,2,0,0,5,2,0,1,3,7.861,0.0,0.77,0.0,1.5584999999999962,1.93,11.57,1,0,1,1,0.2003,-31.4849199270226,-64.2274587118079,4.49,2.0,219,55.9
CIUDAD AMPLIACION FERREYRA,500.0,200.0,0.0,0.0,4,4,0,0,0,0,0,0,1,6.217,0.0,4.8035,0.0,0.0,0.0,20.0,1,0,0,0,0.3333,-31.4735017733638,-64.1192198232826,2.5,4.0,108,78.0
CIUDAD DE JUAN PABLO II,2125.0,552.0,45.0,8.15,4,4,0,0,2,1,3,0,1,7.662,0.0,1.88,0.0,0.0,0.94,4.71,1,0,0,1,0.1479,-31.3635208249505,-64.1578281757511,3.85,4.0,296,40.3
CIUDAD DE LAS ARTES,500.0,200.0,0.0,0.0,0,0,0,0,9,5,0,0,0,6.217,0.0,0.0,0.0,0.0,18.0,0.0,0,0,0,1,0.3333,-31.4372589847956,-64.1749362785875,2.5,0.0,108,78.0
CIUDAD DE LOS CUARTETOS,2204.0,489.0,68.0,13.91,2,2,0,0,6,1,0,1,2,7.698,0.0,0.91,0.0,1.5584999999999962,2.72,9.07,1,0,1,1,0.2246,-31.3566522536983,-64.1303859488957,4.51,2.0,196,60.5
CIUDAD DE MIS SUENOS,2147.0,511.0,85.0,16.63,6,6,0,0,8,1,0,1,0,7.672,0.0,2.79,0.0,1.5584999999999962,3.73,0.0,1,0,1,1,0.3738,-31.4778174582913,-64.086363859368,4.2,6.0,88,82.4
CIUDAD EVITA,2662.0,638.0,95.0,14.89,3,3,0,0,7,2,0,1,1,7.887,0.0,1.13,0.0,1.5584999999999962,2.63,3.76,1,0,1,1,0.2382,-31.4484079521651,-64.1087832676033,4.17,3.0,180,63.8
CIUDAD MI ESPERANZA,1492.0,349.0,50.0,14.33,1,1,0,0,4,1,0,0,1,7.309,0.0,0.67,0.0,0.0,2.68,6.7,1,0,0,1,0.0961,-31.4039224720164,-64.0647579740385,4.28,1.0,379,23.5
CIUDAD OBISPO ANGELELLI,1828.0,403.0,81.0,20.1,5,5,0,0,21,2,0,0,1,7.512,0.0,2.74,0.0,0.0,11.49,5.47,1,0,0,1,0.4029,-31.5051491986518,-64.1937646299897,4.54,5.0,77,84.6
CIUDAD PARQUE LAS ROSAS,1385.0,325.0,26.0,8.0,0,0,0,0,5,2,0,1,1,7.234,0.0,0.0,0.0,1.5584999999999962,3.61,7.22,0,0,1,1,0.178,-31.4488199161473,-64.2411054061895,4.26,0.0,245,50.6
CIUDAD UNIVERSITARIA,500.0,200.0,0.0,0.0,10,8,2,0,77,21,41,0,0,6.217,0.2,4.8035,0.0,0.0,24.0,0.0,1,0,0,1,0.7778,-31.4381745010519,-64.1885056254328,2.5,4.0,6,98.5
CIUDAD VILLA RETIRO,1402.0,316.0,57.0,18.04,2,2,0,0,6,2,0,0,0,7.246,0.0,1.43,0.0,0.0,4.28,0.0,1,0,0,1,0.1785,-31.3475166725032,-64.1404442766924,4.44,2.0,243,51.0
CIUDADELA,1442.0,469.0,10.0,2.13,0,0,0,0,4,3,111,0,0,7.274,0.0,0.0,0.0,0.0,2.77,0.0,0,0,0,1,0.0513,-31.4460153622855,-64.2017866497851,3.07,0.0,435,12.1
CLAROS DEL BOSQUE,500.0,200.0,5.0,2.5,0,0,0,0,4,3,5,0,0,6.217,0.0,0.0,0.0,0.0,8.0,0.0,0,0,0,1,0.1481,-31.456977552863,-64.1501328655991,2.5,0.0,288,41.2
COFICO,500.0,200.0,1.0,0.5,4,4,0,0,36,22,2,0,1,6.217,0.0,4.8035,0.0,0.0,24.0,20.0,1,0,0,1,0.7778,-31.4031901115249,-64.1852851395368,2.5,4.0,6,98.5
COLINAS DE BELLA VISTA,817.0,242.0,13.0,5.37,1,1,0,1,6,2,21,0,0,6.707,0.0,1.22,6.656999999999986,0.0,7.34,0.0,1,1,0,1,0.4428,-31.436452678148,-64.2085248637918,3.38,1.0,68,86.4
COLINAS DE VELEZ SARSFIELD,1642.0,581.0,4.0,0.69,4,1,3,0,18,9,317,0,1,7.404,0.75,2.44,0.0,0.0,10.96,6.09,1,0,0,1,0.3723,-31.4381468762996,-64.1990623202613,2.83,0.33,89,82.2
COLINAS DEL CERRO,2264.0,674.0,27.0,4.01,4,4,0,0,11,3,300,0,0,7.725,0.0,1.77,0.0,0.0,4.86,0.0,1,0,0,1,0.2128,-31.3794775140737,-64.2425945373611,3.36,4.0,209,57.9
COLON,3862.0,1259.0,30.0,2.38,11,5,6,0,12,4,281,0,1,8.259,0.545,2.85,0.0,0.0,3.11,2.59,1,0,0,1,0.2554,-31.436618122344,-64.1545306231643,3.07,0.83,161,67.6
COLONIA LOLA,9418.0,2368.0,292.0,12.33,1,1,0,1,0,0,11,0,1,9.15,0.0,0.11,1.06,0.0,0.0,1.06,1,1,0,0,0.043,-31.41369840274715,-64.1166371703697,3.98,1.0,439,11.3
COMANDANTE ESPORA,1567.0,500.0,10.0,2.0,0,0,0,0,10,3,20,0,1,7.358,0.0,0.0,0.0,0.0,6.38,6.38,0,0,0,1,0.1181,-31.4172008300048,-64.2239801087424,3.13,0.0,333,32.8
COMERCIAL,6575.0,1700.0,215.0,12.65,2,2,0,0,5,1,37,1,0,8.791,0.0,0.3,0.0,1.52,0.76,0.0,1,0,1,1,0.1433,-31.4888795374585,-64.2022362312717,3.87,2.0,301,39.3
CONGRESO,2534.0,657.0,39.0,5.94,4,4,0,0,10,5,97,0,1,7.838,0.0,1.58,0.0,0.0,3.95,3.95,1,0,0,1,0.1828,-31.4681013129692,-64.2358058990285,3.86,4.0,240,51.6
CONSORCIO 16 DE NOVIEMBRE,785.0,213.0,12.0,5.63,6,6,0,2,15,3,28,0,3,6.667,0.0,4.8035,6.656999999999986,0.0,19.11,38.22,1,1,0,1,0.9094,-31.318339045152,-64.2568748329355,3.69,6.0,3,99.6
CONSORCIO ESPERANZA,500.0,200.0,3.0,1.5,0,0,0,0,6,2,4,0,0,6.217,0.0,0.0,0.0,0.0,12.0,0.0,0,0,0,1,0.2222,-31.420751186944,-64.2343527594393,2.5,0.0,197,59.9
COOPERATIVA 16 DE NOVIEMBRE,5676.0,1377.0,174.0,12.64,2,2,0,1,6,1,140,0,1,8.644,0.0,0.35,1.76,0.0,1.06,1.76,1,1,0,1,0.1027,-31.313277089012065,-64.26143287238966,4.12,2.0,372,24.9
COOPERATIVA EL FUTURO,500.0,200.0,12.0,6.0,0,0,0,0,3,2,0,0,0,6.217,0.0,0.0,0.0,0.0,6.0,0.0,0,0,0,1,0.1111,-31.4401823495232,-64.1081012779207,2.5,0.0,347,29.1
COOPERATIVA LA HERMOSA,500.0,200.0,24.0,12.0,0,0,0,0,0,0,0,0,1,6.217,0.0,0.0,0.0,0.0,0.0,20.0,0,0,0,0,0.0,-31.4387347588299,-64.108104347353,2.5,0.0,469,2.7
COOPERATIVA LA UNIDAD,2120.0,508.0,32.0,6.3,0,0,0,0,8,3,0,0,1,7.66,0.0,0.0,0.0,0.0,3.77,4.72,0,0,0,1,0.0698,-31.4306306779508,-64.1128840395055,4.17,0.0,420,15.1
CORDOBA IV,500.0,200.0,0.0,0.0,2,0,2,0,4,1,0,0,0,6.217,1.0,4.0,0.0,0.0,8.0,0.0,1,0,0,1,0.4257,-31.3896498487242,-64.2635715412857,2.5,0.0,73,85.3
CORDOBA V,500.0,200.0,1.0,0.5,0,0,0,0,2,2,0,0,0,6.217,0.0,0.0,0.0,0.0,4.0,0.0,0,0,0,1,0.0741,-31.3849544927415,-64.2624888179182,2.5,0.0,406,17.5
CORRAL DE PALOS,1244.0,342.0,23.0,6.73,0,0,0,0,7,2,0,0,1,7.127,0.0,0.0,0.0,0.0,5.63,8.04,0,0,0,1,0.1043,-31.4396411027469,-64.141051484461,3.64,0.0,368,25.7
COSTA VERDE,500.0,200.0,0.0,0.0,0,0,0,1,6,2,0,0,0,6.217,0.0,0.0,6.656999999999986,0.0,12.0,0.0,0,1,0,1,0.4444,-31.3812221255911,-64.2504690018409,2.5,0.0,59,87.4
COUNTRY ALTOS DEL CHATEAU,1120.0,252.0,0.0,0.0,1,0,1,0,0,0,0,0,0,7.022,1.0,0.89,0.0,0.0,0.0,0.0,1,0,0,0,0.0618,-31.374793804328448,-64.2668099528476,4.44,0.0,430,13.2
COUNTRY BARRANCAS,500.0,200.0,0.0,0.0,0,0,0,0,6,1,0,0,0,6.217,0.0,0.0,0.0,0.0,12.0,0.0,0,0,0,1,0.2222,-31.3805061482489,-64.2462880530412,2.5,0.0,197,59.9
COUNTRY CLUB,500.0,200.0,0.0,0.0,0,0,0,0,6,2,0,0,0,6.217,0.0,0.0,0.0,0.0,12.0,0.0,0,0,0,1,0.2222,-31.4533364108918,-64.1872789853517,2.5,0.0,197,59.9
COUNTRY FORTIN DEL POZO,500.0,200.0,6.0,3.0,0,0,0,0,1,2,0,0,0,6.217,0.0,0.0,0.0,0.0,2.0,0.0,0,0,0,1,0.037,-31.4740206319748,-64.1757907577539,2.5,0.0,447,9.2
COUNTRY JOCKEY CLUB,1555.0,379.0,7.0,1.85,0,0,0,0,0,0,0,0,0,7.35,0.0,0.0,0.0,0.0,0.0,0.0,0,0,0,0,0.0,-31.4634727942897,-64.1766590207414,4.1,0.0,469,2.7
COUNTRY LA RESERVA,795.0,207.0,2.0,0.97,0,0,0,0,0,0,0,0,0,6.68,0.0,0.0,0.0,0.0,0.0,0.0,0,0,0,0,0.0,-31.3672636397445,-64.2683557873944,3.84,0.0,469,2.7
COUNTRY LA SANTINA - COUNTRY CAMPINA DEL SUR,500.0,200.0,0.0,0.0,0,0,0,0,9,2,0,0,0,6.217,0.0,0.0,0.0,0.0,18.0,0.0,0,0,0,1,0.3333,-31.4773649782027,-64.1736761204654,2.5,0.0,108,78.0
COUNTRY LAS DELICIAS,776.0,213.0,2.0,0.94,0,0,0,0,0,0,0,0,0,6.655,0.0,0.0,0.0,0.0,0.0,0.0,0,0,0,0,0.0,-31.3619352535703,-64.2994579008155,3.64,0.0,469,2.7
COUNTRY LOMAS DE LA CAROLINA,1572.0,383.0,0.0,0.0,0,0,0,0,2,1,0,0,0,7.361,0.0,0.0,0.0,0.0,1.27,0.0,0,0,0,1,0.0235,-31.3556553169784,-64.3056209170965,4.1,0.0,461,6.9
COUNTRY LOS ALGARROBOS,500.0,200.0,0.0,0.0,0,0,0,0,4,2,0,0,0,6.217,0.0,0.0,0.0,0.0,8.0,0.0,0,0,0,1,0.1481,-31.4833510004042,-64.2406895217807,2.5,0.0,288,41.2
COUNTRY LOS MIMBRES,500.0,200.0,0.0,0.0,0,0,0,0,3,1,0,0,0,6.217,0.0,0.0,0.0,0.0,6.0,0.0,0,0,0,1,0.1111,-31.4933845474551,-64.1839627867177,2.5,0.0,347,29.1
COUNTRY RANCH CLUB,500.0,200.0,0.0,0.0,0,0,0,0,3,1,0,0,0,6.217,0.0,0.0,0.0,0.0,6.0,0.0,0,0,0,1,0.1111,-31.4527198034093,-64.2191810889962,2.5,0.0,347,29.1
COUNTRY VALLE ESCONDIDO,6660.0,1818.0,8.0,0.44,1,0,1,0,3,1,0,0,0,8.804,1.0,0.15,0.0,0.0,0.45,0.0,1,0,0,1,0.0187,-31.365093628436902,-64.280614112077,3.66,0.0,464,6.3
CRISOL NORTE,1224.0,541.0,5.0,0.92,8,4,4,0,41,20,121,0,1,7.111,0.5,4.8035,0.0,0.0,24.0,8.17,1,0,0,1,0.7778,-31.428051362204,-64.167176368668,2.26,1.0,6,98.5
CRISOL SUD,3336.0,1124.0,10.0,0.89,7,4,3,0,17,8,152,0,1,8.113,0.429,2.1,0.0,0.0,5.1,3.0,1,0,0,1,0.2402,-31.4349582821362,-64.1674254311003,2.97,1.33,177,64.4
CUPANI,2255.0,674.0,32.0,4.75,2,0,2,1,13,6,6,0,1,7.721,1.0,0.89,4.43,0.0,5.76,4.43,1,1,0,1,0.3163,-31.4214735888533,-64.2076951619414,3.35,0.0,118,76.3
DE LOS BIOQUIMICOS,1265.0,348.0,25.0,7.18,0,0,0,0,13,1,0,0,1,7.144,0.0,0.0,0.0,0.0,10.28,7.91,0,0,0,1,0.1904,-31.3204288535283,-64.2668138957885,3.64,0.0,232,53.2
DE LOS DOCENTES,500.0,200.0,0.0,0.0,0,0,0,0,3,3,0,0,2,6.217,0.0,0.0,0.0,0.0,6.0,40.0,0,0,0,1,0.1111,-31.4590670929175,-64.1524118917786,2.5,0.0,347,29.1
DEAN FUNES,2124.0,682.0,22.0,3.23,2,1,1,0,27,10,87,0,1,7.662,0.5,0.94,0.0,0.0,12.71,4.71,1,0,0,1,0.3006,-31.4458597071522,-64.1178957921271,3.11,1.0,130,73.9
DIPAS,500.0,200.0,0.0,0.0,0,0,0,0,0,0,0,0,0,6.217,0.0,0.0,0.0,0.0,0.0,0.0,0,0,0,0,0.0,-31.3563236095696,-64.2944936477692,2.5,0.0,469,2.7
DUCASSE,936.0,389.0,32.0,8.23,1,1,0,0,52,43,5,0,1,6.843,0.0,1.07,0.0,0.0,24.0,10.68,1,0,0,1,0.5187,-31.404888252086,-64.1908855434012,2.41,1.0,43,91.5
EJERCITO ARGENTINO,1845.0,624.0,8.0,1.28,3,3,0,0,37,24,64,0,1,7.521,0.0,1.63,0.0,0.0,20.05,5.42,1,0,0,1,0.4844,-31.447568948723,-64.1961913422897,2.96,3.0,50,90.1
EL BALCON,500.0,200.0,0.0,0.0,0,0,0,0,1,1,0,0,0,6.217,0.0,0.0,0.0,0.0,2.0,0.0,0,0,0,1,0.037,-31.3747201959085,-64.2747796532456,2.5,0.0,447,9.2
EL BOSQUE,1590.0,407.0,6.0,1.47,0,0,0,0,6,1,0,0,1,7.372,0.0,0.0,0.0,0.0,3.77,6.29,0,0,0,1,0.0698,-31.3380384713002,-64.307387518257,3.91,0.0,420,15.1
EL CABILDO,5049.0,1331.0,88.0,6.61,5,5,0,1,22,4,13,0,1,8.527,0.0,0.99,1.98,0.0,4.36,1.98,1,1,0,1,0.2155,-31.4859068227125,-64.2351105437776,3.79,5.0,206,58.5
EL CERRITO,3659.0,920.0,105.0,11.41,1,1,0,1,8,2,5,0,2,8.205,0.0,0.27,2.73,0.0,2.19,5.47,1,1,0,1,0.1504,-31.3221687252868,-64.2502548066828,3.98,1.0,285,42.5
EL PRADO,500.0,200.0,0.0,0.0,0,0,0,0,4,1,0,0,0,6.217,0.0,0.0,0.0,0.0,8.0,0.0,0,0,0,1,0.1481,-31.375753313966,-64.2703111858803,2.5,0.0,288,41.2
EL PUEBLITO,1315.0,332.0,124.0,37.35,0,0,0,0,0,0,0,0,0,7.182,0.0,0.0,0.0,0.0,0.0,0.0,0,0,0,0,0.0,-31.4064405446942,-64.2568328545741,3.96,0.0,469,2.7
EL QUEBRACHAL,500.0,200.0,5.0,2.5,0,0,0,0,8,1,0,0,0,6.217,0.0,0.0,0.0,0.0,16.0,0.0,0,0,0,1,0.2963,-31.3380076521557,-64.0666753385544,2.5,0.0,132,73.1
EL QUEBRACHO,4361.0,1017.0,136.0,13.37,2,2,0,0,12,4,238,0,2,8.381,0.0,0.46,0.0,0.0,2.75,4.59,1,0,0,1,0.0828,-31.4773371547605,-64.1377151621983,4.29,2.0,396,20.0
EL REFUGIO,1201.0,334.0,2.0,0.6,1,0,1,0,5,3,146,0,0,7.092,1.0,0.83,0.0,0.0,4.16,0.0,1,0,0,1,0.1346,-31.3442649511605,-64.2818199937408,3.6,0.0,312,37.0
EL TREBOL,1264.0,412.0,6.0,1.46,0,0,0,0,5,4,60,0,1,7.143,0.0,0.0,0.0,0.0,3.96,7.91,0,0,0,1,0.0733,-31.4230857776258,-64.2255537451732,3.07,0.0,413,16.6
EL VIEJO ALGARROBO,500.0,200.0,4.0,2.0,1,1,0,0,23,1,0,0,1,6.217,0.0,2.0,0.0,0.0,24.0,20.0,1,0,0,1,0.5832,-31.5024363493638,-64.1658119554321,2.5,1.0,32,93.6
EMAUS,500.0,200.0,1.0,0.5,0,0,0,0,2,1,6,0,0,6.217,0.0,0.0,0.0,0.0,4.0,0.0,0,0,0,1,0.0741,-31.4371264001266,-64.1430479576708,2.5,0.0,406,17.5
EMPALME,3426.0,1140.0,12.0,1.05,7,5,2,0,7,8,79,1,0,8.139,0.286,2.04,0.0,1.5584999999999962,2.04,0.0,1,0,1,1,0.2905,-31.4345112094775,-64.130487667635,3.01,2.5,144,71.1
EMPALME CASAS DE OBREROS Y EMPLEADOS,1233.0,375.0,13.0,3.47,0,0,0,0,21,11,24,0,1,7.118,0.0,0.0,0.0,0.0,17.03,8.11,0,0,0,1,0.3154,-31.4387401458057,-64.1251666065268,3.29,0.0,120,75.9
ESCOBAR,2180.0,733.0,7.0,0.95,4,2,2,0,17,4,456,0,0,7.688,0.5,1.83,0.0,0.0,7.8,0.0,1,0,0,1,0.2714,-31.3918891605182,-64.2206422574801,2.97,1.0,149,70.0
ESCUELA DE SUBOFICIALES,500.0,200.0,0.0,0.0,0,0,0,1,2,1,0,0,1,6.217,0.0,0.0,6.656999999999986,0.0,4.0,20.0,0,1,0,1,0.2963,-31.4272175434882,-64.2575368439051,2.5,0.0,132,73.1
ESTACION FLORES,3876.0,1024.0,124.0,12.11,5,5,0,1,13,2,287,0,1,8.263,0.0,1.29,2.58,0.0,3.35,2.58,1,1,0,1,0.2377,-31.4487314083608,-64.2475078934286,3.79,5.0,181,63.6
ESTADIO CORDOBA,500.0,200.0,0.0,0.0,0,0,0,0,4,0,0,0,0,6.217,0.0,0.0,0.0,0.0,8.0,0.0,0,0,0,1,0.1481,-31.3678801343148,-64.2467689606442,2.5,0.0,288,41.2
FERIAR,500.0,200.0,0.0,0.0,0,0,0,0,10,2,0,0,1,6.217,0.0,0.0,0.0,0.0,20.0,20.0,0,0,0,1,0.3704,-31.3702867943909,-64.2556701915654,2.5,0.0,90,81.8
FERRER,1844.0,462.0,139.0,30.09,0,0,0,1,13,5,21,0,2,7.52,0.0,0.0,5.42,0.0,7.05,10.85,0,1,0,1,0.3115,-31.4437749243189,-64.2117812947588,3.99,0.0,122,75.5
FERREYRA,3868.0,1029.0,101.0,9.82,5,4,1,0,19,2,66,2,1,8.261,0.2,1.29,0.0,1.5584999999999962,4.91,2.59,1,0,1,1,0.2916,-31.4663540173135,-64.1106089877883,3.76,4.0,141,71.7
FERREYRA SEGUNDA SECCION,939.0,215.0,32.0,14.88,0,0,0,0,6,2,0,0,0,6.846,0.0,0.0,0.0,0.0,6.39,0.0,0,0,0,1,0.1183,-31.4710619707259,-64.1175953235484,4.37,0.0,331,33.1
FERROVIARIO MITRE,1133.0,350.0,42.0,12.0,6,5,1,0,9,9,14,0,1,7.034,0.167,4.8035,0.0,0.0,7.94,8.83,1,0,0,1,0.4804,-31.4334514626288,-64.136352474103,3.24,5.0,53,89.5
FINCA LA DOROTEA,500.0,200.0,10.0,5.0,0,0,0,0,2,1,12,0,1,6.217,0.0,0.0,0.0,0.0,4.0,20.0,0,0,0,1,0.0741,-31.3764290500034,-64.1151406917793,2.5,0.0,406,17.5
FINCAS DEL SUR,500.0,200.0,0.0,0.0,0,0,0,0,0,0,187,0,0,6.217,0.0,0.0,0.0,0.0,0.0,0.0,0,0,0,0,0.0,-31.4867716545205,-64.1572739805666,2.5,0.0,469,2.7
GENERAL ARENALES,2318.0,622.0,60.0,9.65,3,3,0,2,10,1,41,0,2,7.749,0.0,1.29,6.656999999999986,0.0,4.31,8.63,1,1,0,1,0.3916,-31.3687802681924,-64.0602371117818,3.73,3.0,82,83.6
GENERAL ARTIGAS,1552.0,471.0,8.0,1.7,2,2,0,0,10,3,68,0,0,7.348,0.0,1.29,0.0,0.0,6.44,0.0,1,0,0,1,0.2088,-31.4615195852108,-64.1996215023561,3.3,2.0,214,56.9
GENERAL BELGRANO,3154.0,890.0,30.0,3.37,2,2,0,0,8,3,217,0,1,8.057,0.0,0.63,0.0,0.0,2.54,3.17,1,0,0,1,0.0908,-31.3704293934515,-64.1372878299525,3.54,2.0,384,22.5
GENERAL BUSTOS,15659.0,4933.0,243.0,4.93,16,9,7,0,30,8,447,0,2,9.659,0.438,1.02,0.0,0.0,1.92,1.28,1,0,0,1,0.1063,-31.3903336123251,-64.1696498558799,3.17,1.29,362,26.9
GENERAL MOSCONI,3324.0,851.0,110.0,12.93,1,1,0,1,16,6,145,0,1,8.109,0.0,0.3,3.01,0.0,4.81,3.01,1,1,0,1,0.2104,-31.3651885926033,-64.1504410565656,3.91,1.0,213,57.1
GENERAL PAZ,9524.0,4209.0,107.0,2.54,23,13,10,0,32,13,230,1,1,9.162,0.435,2.41,0.0,1.05,3.36,1.05,1,0,1,1,0.3043,-31.4125574874454,-64.1656906995031,2.26,1.3,126,74.7
GENERAL PUEYRREDON,24021.0,7938.0,561.0,7.07,17,4,13,0,48,12,202,0,1,10.087,0.765,0.71,0.0,0.0,2.0,0.42,1,0,0,1,0.0863,-31.4020774327923,-64.1624596839047,3.03,0.31,388,21.7
GENERAL SAVIO,4889.0,1309.0,313.0,23.91,0,0,0,0,9,1,70,0,1,8.495,0.0,0.0,0.0,0.0,1.84,2.05,0,0,0,1,0.0341,-31.371992117919,-64.1580891610321,3.73,0.0,453,8.5
GRANADERO PRINGLES,2209.0,628.0,16.0,2.55,0,0,0,0,19,4,25,0,1,7.701,0.0,0.0,0.0,0.0,8.6,4.53,0,0,0,1,0.1593,-31.3755515882091,-64.1976083748721,3.52,0.0,273,44.9
GRANJA DE FUNES,3866.0,1228.0,27.0,2.2,5,5,0,0,30,11,50,0,1,8.26,0.0,1.29,0.0,0.0,7.76,2.59,1,0,0,1,0.2332,-31.349164455122,-64.2445719762199,3.15,5.0,186,62.6
GUARNICION AEREA CORDOBA,500.0,200.0,0.0,0.0,0,0,0,0,0,0,0,0,0,6.217,0.0,0.0,0.0,0.0,0.0,0.0,0,0,0,0,0.0,-31.4437692781579,-64.2815434253756,2.5,0.0,469,2.7
GUARNICION MILITAR CORDOBA,500.0,200.0,0.0,0.0,0,0,0,0,0,0,2,0,0,6.217,0.0,0.0,0.0,0.0,0.0,0.0,0,0,0,0,0.0,-31.3932530580866,-64.2925498765201,2.5,0.0,469,2.7
GUAYAQUIL,587.0,200.0,0.0,0.0,2,2,0,0,14,4,86,0,1,6.377,0.0,3.41,0.0,0.0,23.85,17.04,1,0,0,1,0.6783,-31.382844844148,-64.1550652774413,2.94,2.0,18,96.6
GUEMES,11588.0,5333.0,428.0,8.03,17,14,3,1,41,21,132,0,0,9.358,0.176,1.47,0.86,0.0,3.54,0.0,1,1,0,1,0.1963,-31.4281317736306,-64.1936790393253,2.17,4.67,226,54.5
GUINAZU,1361.0,373.0,41.0,10.99,5,5,0,1,20,2,10,1,1,7.217,0.0,3.67,6.656999999999986,1.5584999999999962,14.7,7.35,1,1,1,1,0.8602,-31.3122463444352,-64.1732935256594,3.65,5.0,4,99.4
GUINAZU SUD,500.0,200.0,3.0,1.5,0,0,0,1,12,2,4,0,1,6.217,0.0,0.0,6.656999999999986,0.0,24.0,20.0,0,1,0,1,0.6667,-31.335667108704,-64.1831340646197,2.5,0.0,20,95.9
HIPOLITO IRIGOYEN,3313.0,893.0,83.0,9.29,0,0,0,1,6,4,23,0,1,8.106,0.0,0.0,3.02,0.0,1.81,3.02,0,1,0,1,0.1343,-31.3728101396738,-64.1862965749199,3.71,0.0,313,36.7
HOGAR PROPIO,4716.0,1581.0,56.0,3.54,2,2,0,1,19,5,18,0,3,8.459,0.0,0.42,2.12,0.0,4.03,6.36,1,1,0,1,0.1745,-31.4073366174112,-64.1541697551546,2.98,2.0,248,50.0
HORIZONTE,2016.0,641.0,11.0,1.72,0,0,0,0,10,6,188,0,0,7.609,0.0,0.0,0.0,0.0,4.96,0.0,0,0,0,1,0.0919,-31.458659818397,-64.2065221911296,3.15,0.0,383,22.7
INAUDI,1662.0,459.0,4.0,0.87,4,4,0,1,7,1,52,1,1,7.416,0.0,2.41,6.02,1.5584999999999962,4.21,6.02,1,1,1,1,0.5573,-31.4764448201221,-64.1942870194643,3.62,4.0,36,92.9
INDEPENDENCIA,813.0,294.0,7.0,2.38,1,0,1,0,16,9,38,0,0,6.702,1.0,1.23,0.0,0.0,19.68,0.0,1,0,0,1,0.4498,-31.4011747261759,-64.1901515777845,2.77,0.0,58,88.5
INDUSTRIAL ESTE,1153.0,386.0,1.0,0.26,0,0,0,0,14,10,167,0,0,7.051,0.0,0.0,0.0,0.0,12.14,0.0,0,0,0,1,0.2248,-31.4295150677245,-64.1642099648801,2.99,0.0,195,60.7
INDUSTRIAL OESTE,1621.0,473.0,14.0,2.96,0,0,0,0,19,3,147,0,0,7.391,0.0,0.0,0.0,0.0,11.72,0.0,0,0,0,1,0.217,-31.4093022069007,-64.2665553929106,3.43,0.0,204,58.9
IPONA,982.0,402.0,8.0,1.99,3,0,3,0,26,17,14,0,1,6.891,1.0,3.05,0.0,0.0,24.0,10.18,1,0,0,1,0.6561,-31.4447612065343,-64.1883722304098,2.44,0.0,24,95.3
IPV ANEXO LOS GIGANTES,5240.0,1414.0,36.0,2.55,3,3,0,0,11,2,0,0,1,8.564,0.0,0.57,0.0,0.0,2.1,1.91,1,0,0,1,0.0784,-31.3648676647868,-64.16327334385565,3.71,3.0,400,19.2
IRUPE,523.0,200.0,10.0,5.0,3,3,0,0,6,6,45,0,1,6.261,0.0,4.8035,0.0,0.0,11.47,19.12,1,0,0,1,0.5457,-31.4591661313717,-64.2025406690525,2.62,3.0,39,92.3
ITUZAINGO,3192.0,933.0,18.0,1.93,9,6,3,0,16,4,19,1,0,8.069,0.333,2.82,0.0,1.5584999999999962,5.01,0.0,1,0,1,1,0.3996,-31.4647362980865,-64.0971483618541,3.42,2.0,78,84.4
ITUZAINGO ANEXO,6081.0,1583.0,138.0,8.72,1,1,0,1,35,5,23,0,5,8.713,0.0,0.16,1.64,0.0,5.76,8.22,1,1,0,1,0.1725,-31.4636925992066,-64.0829019327012,3.84,1.0,251,49.4
ITUZAINGO II,1553.0,394.0,42.0,10.66,0,0,0,0,2,1,0,0,1,7.349,0.0,0.0,0.0,0.0,1.29,6.44,0,0,0,1,0.0239,-31.4748343925178,-64.087896921299,3.94,0.0,460,7.1
JARDIN,6841.0,2621.0,45.0,1.72,12,8,4,0,13,13,52,0,1,8.831,0.333,1.75,0.0,0.0,1.9,1.46,1,0,0,1,0.1566,-31.4463256163336,-64.1817052357987,2.61,2.0,277,44.1
JARDIN DEL CLARET,500.0,200.0,1.0,0.5,0,0,0,0,11,4,0,0,0,6.217,0.0,0.0,0.0,0.0,22.0,0.0,0,0,0,1,0.4074,-31.3481294929873,-64.2295895723668,2.5,0.0,75,84.9
JARDIN DEL PILAR,2131.0,633.0,37.0,5.85,2,2,0,0,12,3,116,0,1,7.665,0.0,0.94,0.0,0.0,5.63,4.69,1,0,0,1,0.1695,-31.4441158992776,-64.1528930609459,3.37,2.0,256,48.4
JARDIN DEL SUD,1482.0,451.0,3.0,0.67,0,0,0,0,7,2,38,0,1,7.302,0.0,0.0,0.0,0.0,4.72,6.75,0,0,0,1,0.0874,-31.4560504721943,-64.1645849897324,3.29,0.0,386,22.0
JARDIN ESPINOSA,1515.0,485.0,3.0,0.62,6,0,6,0,6,3,345,0,1,7.324,1.0,3.96,0.0,0.0,3.96,6.6,1,0,0,1,0.3481,-31.4534509945975,-64.1712567263831,3.12,0.0,103,79.4
JARDIN HIPODROMO,2188.0,644.0,28.0,4.35,3,0,3,0,2,1,28,0,2,7.691,1.0,1.37,0.0,0.0,0.91,9.14,1,0,0,1,0.1119,-31.4589242324741,-64.19080381357651,3.4,0.0,344,30.6
JARDINES DEL JOCKEY,516.0,200.0,1.0,0.5,0,0,0,0,7,4,0,0,0,6.248,0.0,0.0,0.0,0.0,13.57,0.0,0,0,0,1,0.2513,-31.4545213844294,-64.1762033277934,2.58,0.0,164,67.0
JERONIMO LUIS DE CABRERA,3272.0,928.0,48.0,5.17,1,1,0,0,16,5,10,0,2,8.093,0.0,0.31,0.0,0.0,4.89,6.11,1,0,0,1,0.1121,-31.355929776680497,-64.182586923343,3.53,1.0,343,30.8
JOCKEY CLUB,516.0,200.0,0.0,0.0,0,0,0,0,2,3,96,0,1,6.248,0.0,0.0,0.0,0.0,3.88,19.38,0,0,0,1,0.0719,-31.45350962939535,-64.17915620724006,2.58,0.0,416,16.0
JOSE HERNANDEZ,3233.0,951.0,44.0,4.63,1,1,0,1,9,3,42,0,1,8.081,0.0,0.31,3.09,0.0,2.78,3.09,1,1,0,1,0.1761,-31.4442248820361,-64.1570348359065,3.4,1.0,247,50.2
JOSE I RUCCI,500.0,200.0,0.0,0.0,0,0,0,0,8,3,0,0,1,6.217,0.0,0.0,0.0,0.0,16.0,20.0,0,0,0,1,0.2963,-31.4609802081608,-64.1294432268321,2.5,0.0,132,73.1
JOSE IGNACIO DIAZ SECCION 1,4483.0,1196.0,86.0,7.19,0,0,0,1,7,2,0,0,1,8.408,0.0,0.0,2.23,0.0,1.56,2.23,0,1,0,1,0.1033,-31.4434066051212,-64.1379279859404,3.75,0.0,369,25.4
JOSE IGNACIO DIAZ SECCION 2,2204.0,598.0,52.0,8.7,0,0,0,0,10,2,0,0,0,7.698,0.0,0.0,0.0,0.0,4.54,0.0,0,0,0,1,0.0841,-31.445119854089,-64.1454220109331,3.69,0.0,392,20.9
JOSE IGNACIO DIAZ SECCION 3,11876.0,3006.0,474.0,15.77,6,6,0,1,8,3,118,1,0,9.382,0.0,0.51,0.84,0.84,0.67,0.0,1,1,1,1,0.1357,-31.4513797512027,-64.13227473173771,3.95,6.0,309,37.7
JUAN B JUSTO,3088.0,813.0,24.0,2.95,1,1,0,0,8,3,22,0,1,8.036,0.0,0.32,0.0,0.0,2.59,3.24,1,0,0,1,0.0702,-31.3596644034487,-64.1815511893765,3.8,1.0,418,15.6
JUAN XXIII,977.0,308.0,2.0,0.65,0,0,0,0,15,5,70,0,1,6.886,0.0,0.0,0.0,0.0,15.35,10.24,0,0,0,1,0.2843,-31.4205156024717,-64.224871196559,3.17,0.0,146,70.6
JUNIORS,6521.0,2409.0,19.0,0.79,7,6,1,0,18,5,88,0,1,8.783,0.143,1.07,0.0,0.0,2.76,1.53,1,0,0,1,0.1254,-31.4192717920482,-64.1653082078352,2.71,6.0,323,34.8
KAIROS,826.0,200.0,23.0,11.5,0,0,0,1,7,1,18,0,2,6.718,0.0,0.0,6.656999999999986,0.0,8.47,24.21,0,1,0,1,0.3791,-31.4826802195118,-64.2497173104398,4.13,0.0,87,82.6
KENNEDY,1074.0,326.0,8.0,2.45,3,3,0,0,2,1,119,0,0,6.98,0.0,2.79,0.0,0.0,1.86,0.0,1,0,0,1,0.2281,-31.4580417689364,-64.1911071520722,3.29,3.0,191,61.5
LA CAROLINA,700.0,200.0,0.0,0.0,2,2,0,0,0,0,5,0,1,6.553,0.0,2.86,0.0,0.0,0.0,14.29,1,0,0,0,0.1985,-31.352759985372,-64.2862020234934,3.5,2.0,223,55.1
LA DOROTEA,526.0,200.0,16.0,8.0,1,1,0,0,3,1,0,0,0,6.267,0.0,1.9,0.0,0.0,5.7,0.0,1,0,0,1,0.2374,-31.3788286307828,-64.1116311003492,2.63,1.0,182,63.4
LA ESPERANZA,500.0,200.0,1.0,0.5,0,0,0,0,8,3,6,0,0,6.217,0.0,0.0,0.0,0.0,16.0,0.0,0,0,0,1,0.2963,-31.4838140058101,-64.2421336446981,2.5,0.0,132,73.1
LA FLORESTA,1590.0,366.0,72.0,19.67,2,2,0,0,3,1,193,0,2,7.372,0.0,1.26,0.0,0.0,1.89,12.58,1,0,0,1,0.1224,-31.3892085271405,-64.0584290695021,4.34,2.0,325,34.1
LA FRANCE,3218.0,1016.0,30.0,2.95,8,5,3,0,17,8,213,1,1,8.077,0.375,2.49,0.0,1.5584999999999962,5.28,3.11,1,0,1,1,0.3817,-31.373065947038,-64.2085938676132,3.17,1.67,86,82.8
LA FRATERNIDAD,500.0,200.0,5.0,2.5,1,1,0,0,25,8,51,0,2,6.217,0.0,2.0,0.0,0.0,24.0,40.0,1,0,0,1,0.5832,-31.3768577788271,-64.1839607417547,2.5,1.0,32,93.6
LA HORTENSIA,1423.0,371.0,29.0,7.82,0,0,0,0,1,1,240,0,0,7.261,0.0,0.0,0.0,0.0,0.7,0.0,0,0,0,1,0.013,-31.3843979505714,-64.1399484740113,3.84,0.0,465,6.1
LA SALLE,707.0,210.0,3.0,1.43,2,2,0,1,11,4,4,0,0,6.562,0.0,2.83,6.656999999999986,0.0,15.56,0.0,1,1,0,1,0.7068,-31.3454778183915,-64.275515246264,3.37,2.0,15,97.2
LA TOMA,500.0,200.0,18.0,9.0,0,0,0,1,0,0,5,0,2,6.217,0.0,0.0,6.656999999999986,0.0,0.0,40.0,0,1,0,0,0.2222,-31.4051127349579,-64.2618449754138,2.5,0.0,197,59.9
LAMADRID,2346.0,666.0,32.0,4.8,0,0,0,1,7,1,12,0,1,7.761,0.0,0.0,4.26,0.0,2.98,4.26,0,1,0,1,0.1974,-31.4142542254104,-64.2345600721848,3.52,0.0,224,54.8
LAS CANITAS,500.0,200.0,0.0,0.0,0,0,0,0,1,2,0,0,0,6.217,0.0,0.0,0.0,0.0,2.0,0.0,0,0,0,1,0.037,-31.4650784096084,-64.1891322142882,2.5,0.0,447,9.2
LAS CANUELAS,500.0,200.0,0.0,0.0,0,0,0,0,0,0,0,0,0,6.217,0.0,0.0,0.0,0.0,0.0,0.0,0,0,0,0,0.0,-31.475993631789,-64.1545963596112,2.5,0.0,469,2.7
LAS CORTADERAS,500.0,200.0,18.0,9.0,1,1,0,1,24,3,0,0,0,6.217,0.0,2.0,6.656999999999986,0.0,24.0,0.0,1,1,0,1,0.8055,-31.3315892531035,-64.229590962207,2.5,1.0,5,99.2
LAS DALIAS,649.0,200.0,7.0,3.5,0,0,0,0,5,2,46,0,1,6.477,0.0,0.0,0.0,0.0,7.7,15.41,0,0,0,1,0.1426,-31.4096984739965,-64.2372977684071,3.24,0.0,303,38.9
LAS FLORES,4037.0,1284.0,39.0,3.04,8,5,3,0,21,13,325,0,0,8.304,0.375,1.98,0.0,0.0,5.2,0.0,1,0,0,1,0.2337,-31.4500092193326,-64.1971927194197,3.14,1.67,185,62.8
LAS HUERTILLAS,1133.0,278.0,27.0,9.71,1,1,0,0,1,1,7,0,2,7.034,0.0,0.88,0.0,0.0,0.88,17.65,1,0,0,1,0.0774,-31.4711647618496,-64.196333901865,4.08,1.0,401,19.0
LAS LILAS,2237.0,550.0,56.0,10.18,2,2,0,1,6,1,52,0,1,7.713,0.0,0.89,4.47,0.0,2.68,4.47,1,1,0,1,0.2606,-31.4453296898999,-64.1319168615125,4.07,2.0,155,68.8
LAS MAGNOLIAS,2459.0,767.0,25.0,3.26,0,0,0,0,34,8,27,0,2,7.808,0.0,0.0,0.0,0.0,13.83,8.13,0,0,0,1,0.2561,-31.3678491335932,-64.2102388700929,3.21,0.0,159,68.0
LAS MARGARITAS,2032.0,644.0,19.0,2.95,2,2,0,1,7,7,205,0,1,7.617,0.0,0.98,4.92,0.0,3.44,4.92,1,1,0,1,0.2959,-31.3784736934929,-64.2099396727188,3.16,2.0,137,72.5
LAS PALMAS,6142.0,1993.0,57.0,2.86,13,6,7,1,15,4,431,1,1,8.723,0.538,2.12,1.63,1.5584999999999962,2.44,1.63,1,1,1,1,0.3578,-31.4039268357349,-64.2392888497874,3.08,0.86,100,80.0
LAS PALMAS ANEXO,864.0,230.0,3.0,1.3,0,0,0,0,8,2,0,0,0,6.763,0.0,0.0,0.0,0.0,9.26,0.0,0,0,0,1,0.1715,-31.4128592856954,-64.2397007234111,3.76,0.0,252,49.2
LAS PLAYAS,2869.0,798.0,49.0,6.14,0,0,0,0,3,1,159,0,0,7.962,0.0,0.0,0.0,0.0,1.05,0.0,0,0,0,1,0.0194,-31.439564782513,-64.247489470892,3.6,0.0,462,6.7
LAS ROSAS,877.0,346.0,1.0,0.29,4,0,4,0,2,1,223,0,0,6.778,1.0,4.56,0.0,0.0,2.28,0.0,1,0,0,1,0.3587,-31.391393991088,-64.2281073274152,2.53,0.0,98,80.4
LAS VIOLETAS,3243.0,834.0,98.0,11.75,5,5,0,1,7,2,2,0,2,8.085,0.0,1.54,3.08,0.0,2.16,6.17,1,1,0,1,0.2497,-31.4093312889146,-64.2503950304475,3.89,5.0,166,66.6
LICEO GENERAL PAZ,628.0,200.0,14.0,7.0,0,0,0,0,0,0,14,1,1,6.444,0.0,0.0,0.0,1.5584999999999962,0.0,15.92,0,0,1,0,0.1111,-31.3355758005306,-64.1667020824379,3.14,0.0,347,29.1
LOMAS DE SAN MARTIN,1734.0,560.0,3.0,0.54,0,0,0,0,7,4,308,0,0,7.459,0.0,0.0,0.0,0.0,4.04,0.0,0,0,0,1,0.0748,-31.3825174083115,-64.2059476982937,3.1,0.0,404,18.4
LOS ALAMOS,1964.0,518.0,33.0,6.37,0,0,0,0,6,3,201,0,1,7.583,0.0,0.0,0.0,0.0,3.05,5.09,0,0,0,1,0.0565,-31.3678133678231,-64.1569101282328,3.79,0.0,431,13.0
LOS ANGELES,766.0,282.0,0.0,0.0,3,0,3,0,15,13,4,0,0,6.642,1.0,3.92,0.0,0.0,19.58,0.0,1,0,0,1,0.6346,-31.359507855743,-64.2370170092703,2.72,0.0,26,94.9
LOS ARBOLES,500.0,200.0,0.0,0.0,0,0,0,0,0,0,0,0,0,6.217,0.0,0.0,0.0,0.0,0.0,0.0,0,0,0,0,0.0,-31.3663128297877,-64.2847366879914,2.5,0.0,469,2.7
LOS BOULEVARES,12277.0,3480.0,218.0,6.26,8,8,0,1,56,3,444,1,2,9.416,0.0,0.65,0.81,0.81,4.56,1.63,1,1,1,1,0.2143,-31.3451594663769,-64.2192643585421,3.53,8.0,208,58.1
LOS CEIBOS,826.0,249.0,7.0,2.81,0,0,0,0,8,5,23,0,1,6.718,0.0,0.0,0.0,0.0,9.69,12.11,0,0,0,1,0.1794,-31.429311789068,-64.1480959893981,3.32,0.0,242,51.2
LOS CHINGOLOS,1944.0,473.0,42.0,8.88,4,4,0,0,5,1,49,0,1,7.573,0.0,2.06,0.0,0.0,2.57,5.14,1,0,0,1,0.1905,-31.340792625602,-64.169066378749,4.11,4.0,231,53.4
LOS CIELOS,500.0,200.0,0.0,0.0,0,0,0,0,0,0,0,0,0,6.217,0.0,0.0,0.0,0.0,0.0,0.0,0,0,0,0,0.0,-31.3714859295371,-64.28265773622033,2.5,0.0,469,2.7
LOS EUCALIPTUS,1741.0,480.0,15.0,3.12,2,1,1,0,4,3,31,0,1,7.463,0.5,1.15,0.0,0.0,2.3,5.74,1,0,0,1,0.1224,-31.4678374607454,-64.0885166553114,3.63,1.0,325,34.1
LOS FILTROS,852.0,200.0,32.0,16.0,2,2,0,0,7,2,12,0,0,6.749,0.0,2.35,0.0,0.0,8.22,0.0,1,0,0,1,0.3153,-31.4133081279979,-64.2484968686162,4.26,2.0,121,75.7
LOS FRESNOS,1067.0,246.0,38.0,15.45,1,1,0,0,0,0,0,0,2,6.974,0.0,0.94,0.0,0.0,0.0,18.74,1,0,0,0,0.0652,-31.4709007424932,-64.0815785370936,4.34,1.0,425,14.2
LOS GIGANTES,4442.0,1249.0,49.0,3.92,3,3,0,0,11,2,41,0,1,8.399,0.0,0.68,0.0,0.0,2.48,2.25,1,0,0,1,0.0931,-31.3626362226789,-64.1695064760401,3.56,3.0,381,23.1
LOS GRANADOS,3435.0,917.0,41.0,4.47,4,3,1,0,6,2,10,0,1,8.142,0.25,1.16,0.0,0.0,1.75,2.91,1,0,0,1,0.1129,-31.4233609670665,-64.2369958390385,3.75,3.0,340,31.3
LOS HORNILLOS,726.0,200.0,20.0,10.0,0,0,0,0,19,5,1,0,1,6.589,0.0,0.0,0.0,0.0,24.0,13.77,0,0,0,1,0.4444,-31.3409132203449,-64.1720953360985,3.63,0.0,59,87.4
LOS JACARANDAES,1305.0,319.0,70.0,21.94,0,0,0,0,0,0,6,0,1,7.175,0.0,0.0,0.0,0.0,0.0,7.66,0,0,0,0,0.0,-31.4171979227171,-64.2364547163467,4.09,0.0,469,2.7
LOS JOSEFINOS,500.0,200.0,9.0,4.5,0,0,0,1,0,0,0,0,1,6.217,0.0,0.0,6.656999999999986,0.0,0.0,20.0,0,1,0,0,0.2222,-31.4142006207762,-64.1238803796894,2.5,0.0,197,59.9
LOS NARANJOS,1615.0,561.0,7.0,1.25,6,3,3,0,9,7,430,1,1,7.388,0.5,3.72,0.0,1.5584999999999962,5.57,6.19,1,0,1,1,0.4724,-31.4296647566055,-64.226563138602,2.88,1.0,54,89.3
LOS OLMOS,1859.0,541.0,21.0,3.88,2,0,2,0,13,8,56,0,1,7.528,1.0,1.08,0.0,0.0,6.99,5.38,1,0,0,1,0.2044,-31.4597965821554,-64.2172530936535,3.44,0.0,215,56.7
LOS OLMOS SUD,2486.0,636.0,48.0,7.55,1,1,0,1,19,4,19,0,2,7.819,0.0,0.4,4.02,0.0,7.64,8.05,1,1,0,1,0.3034,-31.465400290473603,-64.21545121967615,3.91,1.0,128,74.3
LOS PARAISOS,5079.0,1638.0,40.0,2.44,3,0,3,0,28,6,364,0,1,8.533,1.0,0.59,0.0,0.0,5.51,1.97,1,0,0,1,0.143,-31.3830882690084,-64.1946480503973,3.1,0.0,302,39.1
LOS PINOS,1901.0,532.0,21.0,3.95,2,2,0,1,7,4,160,0,1,7.551,0.0,1.05,5.26,0.0,3.68,5.26,1,1,0,1,0.3166,-31.3936669516838,-64.1410319653281,3.57,2.0,117,76.5
LOS PLATANOS,7003.0,2166.0,58.0,2.68,8,7,1,0,11,5,120,0,0,8.854,0.125,1.14,0.0,0.0,1.57,0.0,1,0,0,1,0.1082,-31.4222080751586,-64.2307130188136,3.23,7.0,360,27.3
LOS ROBLES,3479.0,958.0,144.0,15.03,4,4,0,0,8,2,203,0,1,8.155,0.0,1.15,0.0,0.0,2.3,2.87,1,0,0,1,0.1224,-31.4010362677022,-64.2649086322231,3.63,4.0,325,34.1
LOS SAUCES,1635.0,469.0,22.0,4.69,2,2,0,1,9,2,16,0,1,7.4,0.0,1.22,6.12,0.0,5.5,6.12,1,1,0,1,0.3908,-31.4611868550392,-64.0988703018824,3.49,2.0,83,83.4
LOS SOLES,500.0,200.0,0.0,0.0,0,0,0,0,5,1,0,0,0,6.217,0.0,0.0,0.0,0.0,10.0,0.0,0,0,0,1,0.1852,-31.37321427576532,-64.27863327990656,2.5,0.0,237,52.0
LOS SUENOS,500.0,200.0,0.0,0.0,0,0,0,0,1,1,0,0,0,6.217,0.0,0.0,0.0,0.0,2.0,0.0,0,0,0,1,0.037,-31.3604453595515,-64.2832690939214,2.5,0.0,447,9.2
LOURDES,1413.0,318.0,50.0,15.72,1,1,0,0,26,6,7,0,1,7.254,0.0,0.71,0.0,0.0,18.4,7.08,1,0,0,1,0.39,-31.3316515562663,-64.2559838632293,4.44,1.0,85,83.0
MAIPU SECCION 1,2022.0,679.0,7.0,1.03,0,0,0,0,17,12,0,0,1,7.612,0.0,0.0,0.0,0.0,8.41,4.95,0,0,0,1,0.1557,-31.4361764058547,-64.1595471854071,2.98,0.0,278,43.9
MAIPU SECCION 2,2283.0,764.0,8.0,1.05,0,0,0,0,13,11,0,0,1,7.734,0.0,0.0,0.0,0.0,5.69,4.38,0,0,0,1,0.1054,-31.4296995173019,-64.159805647332,2.99,0.0,367,25.9
MALDONADO,8018.0,1873.0,359.0,19.17,7,7,0,0,10,2,13,0,0,8.99,0.0,0.87,0.0,0.0,1.25,0.0,1,0,0,1,0.0835,-31.412245483126,-64.127450781327,4.28,7.0,393,20.5
MANANTIALES I-MANANTIALES II,500.0,200.0,0.0,0.0,0,0,0,0,1,1,0,0,0,6.217,0.0,0.0,0.0,0.0,2.0,0.0,0,0,0,1,0.037,-31.4501755442947,-64.2275132126212,2.5,0.0,447,9.2
MARCELO T DE ALVEAR,2748.0,751.0,48.0,6.39,0,0,0,0,8,2,263,0,1,7.919,0.0,0.0,0.0,0.0,2.91,3.64,0,0,0,1,0.0539,-31.3680411492782,-64.1718542573729,3.66,0.0,433,12.4
MARCOS SASTRE,1104.0,281.0,18.0,6.41,1,1,0,0,11,3,33,0,1,7.008,0.0,0.91,0.0,0.0,9.96,9.06,1,0,0,1,0.2476,-31.4451190053854,-64.149863964445,3.93,1.0,169,66.0
MARECHAL,3557.0,1077.0,61.0,5.66,1,1,0,0,19,4,20,0,1,8.177,0.0,0.28,0.0,0.0,5.34,2.81,1,0,0,1,0.1183,-31.3955292239017,-64.2142652519137,3.3,1.0,331,33.1
MARIA LASTENIA,500.0,200.0,11.0,5.5,4,4,0,0,20,5,16,0,1,6.217,0.0,4.8035,0.0,0.0,24.0,20.0,1,0,0,1,0.7778,-31.3266603545532,-64.1819207021647,2.5,4.0,6,98.5
MARIANO BALCARCE,1994.0,656.0,10.0,1.52,1,0,1,0,6,7,40,0,1,7.598,1.0,0.5,0.0,0.0,3.01,5.02,1,0,0,1,0.0904,-31.4336980595615,-64.2215931493569,3.04,0.0,385,22.3
MARIANO FRAGUEIRO,3630.0,963.0,89.0,9.24,3,3,0,0,31,8,25,0,1,8.197,0.0,0.83,0.0,0.0,8.54,2.75,1,0,0,1,0.2157,-31.3660728145572,-64.1856708289333,3.77,3.0,205,58.7
MARQUES ANEXO,10478.0,2704.0,230.0,8.51,1,1,0,0,0,0,0,0,0,9.257,0.0,0.1,0.0,0.0,0.0,0.0,1,0,0,0,0.0069,-31.37143579108965,-64.19161266923146,3.88,1.0,468,5.5
MARQUES DE SOBREMONTE,24608.0,7540.0,340.0,4.51,12,8,4,1,35,4,1415,1,2,10.111,0.333,0.49,0.41,0.41,1.42,0.81,1,1,1,1,0.1032,-31.36862893655555,-64.19402795529055,3.26,2.0,371,25.1
MAULLER,5734.0,1593.0,125.0,7.85,7,7,0,0,15,1,0,1,3,8.654,0.0,1.22,0.0,1.5584999999999962,2.62,5.23,1,0,1,1,0.2443,-31.4147746684517,-64.1388534120657,3.6,7.0,173,65.2
MAURIZI,756.0,255.0,11.0,4.31,1,1,0,0,3,3,1,0,0,6.629,0.0,1.32,0.0,0.0,3.97,0.0,1,0,0,1,0.1651,-31.4274174705639,-64.2081597810474,2.96,1.0,261,47.2
MERCANTIL,723.0,214.0,3.0,1.4,5,4,1,0,8,2,87,0,0,6.585,0.2,4.8035,0.0,0.0,11.07,0.0,1,0,0,1,0.5383,-31.3183526871751,-64.2587038912171,3.38,4.0,41,91.9
MILITAR GENERAL DEHEZA,825.0,200.0,2.0,1.0,2,2,0,0,3,2,0,0,0,6.717,0.0,2.42,0.0,0.0,3.64,0.0,1,0,0,1,0.2353,-31.3961038343019,-64.2718381204991,4.12,2.0,184,63.0
MIRADOR,3164.0,956.0,107.0,11.19,0,0,0,0,13,4,14,0,1,8.06,0.0,0.0,0.0,0.0,4.11,3.16,0,0,0,1,0.0761,-31.4289133054055,-64.1385804949468,3.31,0.0,403,18.6
MIRADOR DEL CHATEAU,754.0,288.0,0.0,0.0,0,0,0,0,10,4,71,0,1,6.627,0.0,0.0,0.0,0.0,13.26,13.26,0,0,0,1,0.2456,-31.38511415213455,-64.26248967015471,2.62,0.0,171,65.6
MIRALTA,3528.0,889.0,145.0,16.31,0,0,0,1,10,2,5,0,2,8.169,0.0,0.0,2.83,0.0,2.83,5.67,0,1,0,1,0.1469,-31.4244364501647,-64.1122227442397,3.97,0.0,298,39.9
MIRIZZI,693.0,200.0,17.0,8.5,3,3,0,0,19,5,12,0,2,6.542,0.0,4.33,0.0,0.0,24.0,28.86,1,0,0,1,0.7449,-31.4736776999547,-64.2058443325684,3.46,3.0,12,97.8
MUTUAL DE LOS DOCENTES,729.0,205.0,1.0,0.49,0,0,0,0,3,1,54,0,0,6.593,0.0,0.0,0.0,0.0,4.12,0.0,0,0,0,1,0.0763,-31.4569004597575,-64.2241300612357,3.56,0.0,402,18.8
NICOLAS AVELLANEDA,1782.0,492.0,16.0,3.25,6,6,0,1,14,5,10,0,2,7.486,0.0,3.37,5.61,0.0,7.86,11.22,1,1,0,1,0.5667,-31.4623154748996,-64.1037099479582,3.62,6.0,35,93.1
NUESTRO HOGAR I,595.0,200.0,18.0,9.0,0,0,0,1,17,4,0,0,1,6.39,0.0,0.0,6.656999999999986,0.0,24.0,16.81,0,1,0,1,0.6667,-31.4713698368511,-64.1489809392811,2.98,0.0,20,95.9
NUESTRO HOGAR II,861.0,209.0,33.0,15.79,4,4,0,0,9,2,0,0,1,6.759,0.0,4.65,0.0,0.0,10.45,11.61,1,0,0,1,0.5162,-31.387682870044,-64.0982253407013,4.12,4.0,46,90.9
NUESTRO HOGAR III,11140.0,2788.0,610.0,21.88,1,1,0,1,18,1,3,0,2,9.318,0.0,0.09,0.9,0.0,1.62,1.8,1,1,0,1,0.0663,-31.50091471404605,-64.19982237373814,4.0,1.0,424,14.4
NUEVA CORDOBA,37055.0,20000.0,245.0,1.23,21,8,13,0,44,34,344,1,1,10.52,0.619,0.57,0.0,0.27,1.19,0.27,1,0,1,1,0.0808,-31.426755004302,-64.186098312365,1.85,0.62,398,19.6
NUEVA CORDOBA ANEXA,1582.0,500.0,6.0,1.2,0,0,0,1,8,4,0,0,1,7.367,0.0,0.0,6.32,0.0,5.06,6.32,0,1,0,1,0.3047,-31.4363481826837,-64.164017889066,3.16,0.0,125,74.9
NUEVA ITALIA,3347.0,988.0,54.0,5.47,4,1,3,0,5,1,308,0,0,8.116,0.75,1.2,0.0,0.0,1.49,0.0,1,0,0,1,0.1109,-31.3859550300777,-64.1452722218278,3.39,0.33,356,28.1
NUEVO URCA,500.0,200.0,0.0,0.0,0,0,0,0,4,1,120,0,1,6.217,0.0,0.0,0.0,0.0,8.0,20.0,0,0,0,1,0.1481,-31.3828475471979,-64.2674905686599,2.5,0.0,288,41.2
OBRERO,2481.0,919.0,13.0,1.41,0,0,0,1,21,13,244,0,1,7.817,0.0,0.0,4.03,0.0,8.46,4.03,0,1,0,1,0.2912,-31.4134335064709,-64.2122200883557,2.7,0.0,142,71.5
OBSERVATORIO,6616.0,2360.0,128.0,5.42,7,3,4,0,10,5,100,0,1,8.797,0.571,1.06,0.0,0.0,1.51,1.51,1,0,0,1,0.1015,-31.4231361956293,-64.2028823470864,2.8,0.75,375,24.3
OMBU,1681.0,567.0,5.0,0.88,0,0,0,0,12,11,234,0,1,7.428,0.0,0.0,0.0,0.0,7.14,5.95,0,0,0,1,0.1322,-31.3893202773862,-64.21753693663,2.96,0.0,315,36.4
ONA,1333.0,405.0,9.0,2.22,7,4,3,0,7,3,0,0,2,7.196,0.429,4.8035,0.0,0.0,5.25,15.0,1,0,0,1,0.4306,-31.4492916492839,-64.1653991848349,3.29,1.33,72,85.6
OSN,1993.0,575.0,8.0,1.39,0,0,0,0,11,4,35,0,1,7.598,0.0,0.0,0.0,0.0,5.52,5.02,0,0,0,1,0.1022,-31.4599043773051,-64.15824125761,3.47,0.0,373,24.7
PADRE CLARET,871.0,256.0,0.0,0.0,6,0,6,0,10,13,48,0,1,6.771,1.0,4.8035,0.0,0.0,11.48,11.48,1,0,0,1,0.5459,-31.3544915100643,-64.237238422406,3.4,0.0,38,92.5
PALERMO BAJO,1909.0,666.0,3.0,0.45,0,0,0,0,21,5,0,0,0,7.555,0.0,0.0,0.0,0.0,11.0,0.0,0,0,0,1,0.2037,-31.3869413360447,-64.2246185527337,2.87,0.0,216,56.5
PALMAR,1025.0,283.0,10.0,3.53,2,2,0,0,3,1,55,0,1,6.933,0.0,1.95,0.0,0.0,2.93,9.76,1,0,0,1,0.1896,-31.3899757721453,-64.1246701968207,3.62,2.0,233,53.0
PALMAS DEL CLARET,623.0,211.0,0.0,0.0,0,0,0,0,1,1,0,0,0,6.436,0.0,0.0,0.0,0.0,1.61,0.0,0,0,0,1,0.0298,-31.3514066893432,-64.2308945622633,2.95,0.0,454,8.3
PANAMERICANO,3346.0,1072.0,26.0,2.43,4,4,0,0,13,5,101,0,1,8.116,0.0,1.2,0.0,0.0,3.89,2.99,1,0,0,1,0.1553,-31.3728037015138,-64.1799531562142,3.12,4.0,279,43.7
PARQUE ALAMEDA,656.0,200.0,3.0,1.5,0,0,0,0,0,0,24,0,1,6.488,0.0,0.0,0.0,0.0,0.0,15.24,0,0,0,0,0.0,-31.4667304669222,-64.1842467716332,3.28,0.0,469,2.7
PARQUE ATLANTICA,2249.0,734.0,17.0,2.32,1,1,0,0,10,5,49,0,0,7.719,0.0,0.44,0.0,0.0,4.45,0.0,1,0,0,1,0.1129,-31.4538400218945,-64.2100439245679,3.06,1.0,340,31.3
PARQUE CAPITAL,3972.0,1272.0,6.0,0.47,3,2,1,0,12,3,563,0,1,8.287,0.333,0.76,0.0,0.0,3.02,2.52,1,0,0,1,0.1087,-31.4351614511823,-64.2159341822764,3.12,2.0,358,27.6
PARQUE CAPITAL SUD,1443.0,442.0,2.0,0.45,0,0,0,0,13,3,34,0,1,7.275,0.0,0.0,0.0,0.0,9.01,6.93,0,0,0,1,0.1669,-31.4426782072545,-64.2171490791533,3.26,0.0,259,47.8
PARQUE CHACABUCO,1164.0,388.0,1.0,0.26,0,0,0,0,4,2,165,0,1,7.06,0.0,0.0,0.0,0.0,3.44,8.59,0,0,0,1,0.0637,-31.382522710674,-64.2116422926307,3.0,0.0,427,13.7
PARQUE CHATEAU CARRERAS,500.0,200.0,2.0,1.0,0,0,0,0,0,0,80,0,0,6.217,0.0,0.0,0.0,0.0,0.0,0.0,0,0,0,0,0.0,-31.3626197967517,-64.2647444147625,2.5,0.0,469,2.7
PARQUE COREMA,584.0,220.0,1.0,0.45,1,1,0,0,0,0,1,0,0,6.372,0.0,1.71,0.0,0.0,0.0,0.0,1,0,0,0,0.1187,-31.367945597451,-64.228319679797,2.65,1.0,330,33.4
PARQUE DE LA VEGA II,596.0,200.0,22.0,11.0,0,0,0,0,20,3,0,0,1,6.392,0.0,0.0,0.0,0.0,24.0,16.78,0,0,0,1,0.4444,-31.4086410569058,-64.2612520517313,2.98,0.0,59,87.4
PARQUE DE LA VEGA III,596.0,200.0,1.0,0.5,0,0,0,0,7,2,0,0,0,6.392,0.0,0.0,0.0,0.0,11.74,0.0,0,0,0,1,0.2174,-31.4035479069876,-64.2671597598804,2.98,0.0,202,59.3
PARQUE DE LA VIDA,500.0,200.0,0.0,0.0,0,0,0,0,1,1,0,0,0,6.217,0.0,0.0,0.0,0.0,2.0,0.0,0,0,0,1,0.037,-31.4442273592752,-64.2261000948677,2.5,0.0,447,9.2
PARQUE DEL ESTE,679.0,200.0,24.0,12.0,2,2,0,0,9,1,58,0,1,6.522,0.0,2.95,0.0,0.0,13.25,14.73,1,0,0,1,0.4501,-31.4051586405003,-64.1455089911964,3.4,2.0,57,88.7
PARQUE DON BOSCO,4691.0,1385.0,24.0,1.73,1,1,0,1,18,2,248,0,1,8.454,0.0,0.21,2.13,0.0,3.84,2.13,1,1,0,1,0.1568,-31.3884319827078,-64.272025814382,3.39,1.0,276,44.3
PARQUE FUTURA,2851.0,703.0,68.0,9.67,5,2,3,0,7,1,49,0,1,7.956,0.6,1.75,0.0,0.0,2.46,3.51,1,0,0,1,0.167,-31.488906450635,-64.2529899700877,4.06,0.67,258,48.0
PARQUE JORGE NEWBERY,2909.0,913.0,16.0,1.75,2,2,0,0,30,4,152,0,2,7.976,0.0,0.69,0.0,0.0,10.31,6.88,1,0,0,1,0.2388,-31.350399915226,-64.180513219248,3.19,2.0,179,64.0
PARQUE LATINO,1306.0,432.0,4.0,0.93,5,3,2,0,12,7,119,0,1,7.175,0.4,3.83,0.0,0.0,9.19,7.66,1,0,0,1,0.436,-31.4596532315616,-64.2124548233494,3.02,1.5,70,86.0
PARQUE LICEO SECCION 1,3693.0,1108.0,58.0,5.23,0,0,0,0,2,1,0,0,1,8.214,0.0,0.0,0.0,0.0,0.54,2.71,0,0,0,1,0.01,-31.3497061993402,-64.1625303442315,3.33,0.0,466,5.9
PARQUE LICEO SECCION 2,7826.0,2013.0,157.0,7.8,2,2,0,1,14,2,0,0,1,8.965,0.0,0.26,1.28,0.0,1.79,1.28,1,1,0,1,0.0939,-31.3556278869882,-64.1620118927709,3.89,2.0,380,23.3
PARQUE LICEO SECCION 3,5593.0,1426.0,164.0,11.5,13,9,4,1,25,4,431,0,1,8.629,0.308,2.32,1.79,0.0,4.47,1.79,1,1,0,1,0.3035,-31.3552182265341,-64.1513432642662,3.92,2.25,127,74.5
PARQUE LOS MOLINOS,864.0,264.0,6.0,2.27,0,0,0,0,15,7,39,0,0,6.763,0.0,0.0,0.0,0.0,17.36,0.0,0,0,0,1,0.3215,-31.4561025121088,-64.2008967897547,3.27,0.0,115,76.9
PARQUE MODELO,500.0,200.0,0.0,0.0,0,0,0,0,7,3,0,0,1,6.217,0.0,0.0,0.0,0.0,14.0,20.0,0,0,0,1,0.2593,-31.3647142739498,-64.2510241394099,2.5,0.0,156,68.4
PARQUE MONTECRISTO,1554.0,466.0,6.0,1.29,3,3,0,0,7,2,26,0,2,7.349,0.0,1.93,0.0,0.0,4.5,12.87,1,0,0,1,0.2173,-31.3886256093823,-64.1399659927481,3.33,3.0,203,59.1
PARQUE REPUBLICA,7412.0,1861.0,201.0,10.8,7,7,0,1,15,2,59,1,1,8.911,0.0,0.94,1.35,1.35,2.02,1.35,1,1,1,1,0.2439,-31.4161294813208,-64.258582064065,3.98,7.0,174,65.0
PARQUE SAN CARLOS,749.0,231.0,2.0,0.87,1,1,0,0,8,2,3,0,0,6.62,0.0,1.34,0.0,0.0,10.68,0.0,1,0,0,1,0.2908,-31.4494274723584,-64.1599280417188,3.24,1.0,143,71.3
PARQUE SAN VICENTE,1327.0,451.0,3.0,0.67,0,0,0,0,19,7,147,0,0,7.191,0.0,0.0,0.0,0.0,14.32,0.0,0,0,0,1,0.2652,-31.4249959692642,-64.1373491487954,2.94,0.0,152,69.4
PARQUE SARMIENTO,500.0,200.0,0.0,0.0,3,3,0,0,7,12,911,0,0,6.217,0.0,4.8035,0.0,0.0,14.0,0.0,1,0,0,1,0.5926,-31.4328801293591,-64.1789078506441,2.5,3.0,30,94.0
PARQUE TABLADA,981.0,323.0,1.0,0.31,0,0,0,0,16,4,30,0,1,6.89,0.0,0.0,0.0,0.0,16.31,10.19,0,0,0,1,0.302,-31.3871781770563,-64.2312408178758,3.04,0.0,129,74.1
PARQUE VELEZ SARSFIELD,3045.0,1004.0,8.0,0.8,1,1,0,0,13,3,1016,0,1,8.022,0.0,0.33,0.0,0.0,4.27,3.28,1,0,0,1,0.102,-31.4411595485323,-64.2040025565823,3.03,1.0,374,24.5
PASO DE LOS ANDES,2529.0,902.0,25.0,2.77,6,3,3,0,12,18,238,1,0,7.836,0.5,2.37,0.0,1.5584999999999962,4.74,0.0,1,0,1,1,0.3634,-31.4159538702898,-64.203280297451,2.8,1.0,94,81.2
PATRIA,1790.0,640.0,5.0,0.78,2,0,2,0,19,8,0,0,0,7.491,1.0,1.12,0.0,0.0,10.61,0.0,1,0,0,1,0.2742,-31.4090264654307,-64.1601858045219,2.8,0.0,148,70.2
PATRICIOS,4731.0,1400.0,67.0,4.79,6,6,0,0,8,1,466,2,1,8.462,0.0,1.27,0.0,1.5584999999999962,1.69,2.11,1,0,1,1,0.2305,-31.3756246362009,-64.1380411944225,3.38,6.0,189,61.9
PATRICIOS ESTE,2550.0,653.0,51.0,7.81,1,1,0,1,1,1,10,0,1,7.844,0.0,0.39,3.92,0.0,0.39,3.92,1,1,0,1,0.1651,-31.3664999296539,-64.1349339830755,3.91,1.0,261,47.2
PATRICIOS NORTE,1790.0,485.0,39.0,8.04,0,0,0,0,14,5,227,0,1,7.491,0.0,0.0,0.0,0.0,7.82,5.59,0,0,0,1,0.1448,-31.3665348992504,-64.1397902544819,3.69,0.0,300,39.5
PATRICIOS OESTE,5211.0,1370.0,114.0,8.32,3,3,0,0,16,6,43,0,1,8.559,0.0,0.58,0.0,0.0,3.07,1.92,1,0,0,1,0.0971,-31.366869744123,-64.144607787169,3.8,3.0,378,23.7
PIEDRAS BLANCAS,500.0,200.0,0.0,0.0,0,0,0,0,5,1,0,0,0,6.217,0.0,0.0,0.0,0.0,10.0,0.0,0,0,0,1,0.1852,-31.4828367695047,-64.1625623852958,2.5,0.0,237,52.0
POETA LUGONES,7839.0,2591.0,14.0,0.54,7,6,1,0,31,5,992,0,1,8.967,0.143,0.89,0.0,0.0,3.95,1.28,1,0,0,1,0.1349,-31.3609843553083,-64.2119307156898,3.03,6.0,310,37.4
POLICARPIO CABRAL,517.0,200.0,5.0,2.5,0,0,0,0,10,2,0,0,0,6.25,0.0,0.0,0.0,0.0,19.34,0.0,0,0,0,1,0.3581,-31.4365154316367,-64.1379006955884,2.58,0.0,99,80.2
POLICIAL,9360.0,2424.0,312.0,12.87,0,0,0,1,2,1,65,0,1,9.144,0.0,0.0,1.07,0.0,0.21,1.07,0,1,0,1,0.0396,-31.31551981250325,-64.2649630981434,3.86,0.0,444,10.3
PORTAL DE CORDOBA,2234.0,535.0,20.0,3.74,0,0,0,0,3,1,38,0,0,7.712,0.0,0.0,0.0,0.0,1.34,0.0,0,0,0,1,0.0248,-31.4442984208467,-64.1094454944293,4.18,0.0,459,7.3
PORTAL DEL JACARANDA,500.0,200.0,2.0,1.0,1,0,1,0,9,3,0,0,0,6.217,1.0,2.0,0.0,0.0,18.0,0.0,1,0,0,1,0.4721,-31.3439690435074,-64.2889913814107,2.5,0.0,55,89.1
POSTA DE VARGAS,719.0,200.0,5.0,2.5,3,3,0,0,4,2,3,0,1,6.579,0.0,4.17,0.0,0.0,5.56,13.91,1,0,0,1,0.3923,-31.4798946482734,-64.1941605174631,3.6,3.0,81,83.8
PRIMERA JUNTA,783.0,253.0,3.0,1.19,0,0,0,0,10,4,0,0,1,6.664,0.0,0.0,0.0,0.0,12.77,12.77,0,0,0,1,0.2365,-31.4262217020123,-64.2277644708514,3.09,0.0,183,63.2
PROVIDENCIA,4998.0,1856.0,148.0,7.97,0,0,0,0,30,21,405,0,1,8.517,0.0,0.0,0.0,0.0,6.0,2.0,0,0,0,1,0.1111,-31.4007885482133,-64.2007718428186,2.69,0.0,347,29.1
PUENTE BLANCO,1157.0,354.0,14.0,3.95,0,0,0,0,5,2,68,0,1,7.054,0.0,0.0,0.0,0.0,4.32,8.64,0,0,0,1,0.08,-31.4102088438482,-64.2354259890449,3.27,0.0,399,19.4
QUEBRADA DE LAS ROSAS,4842.0,1503.0,20.0,1.33,3,3,0,0,21,7,568,0,0,8.485,0.0,0.62,0.0,0.0,4.34,0.0,1,0,0,1,0.1234,-31.3911204679379,-64.2557636529928,3.22,3.0,324,34.6
QUINTA SANTA ANA,648.0,242.0,0.0,0.0,0,0,0,0,4,3,11,0,0,6.475,0.0,0.0,0.0,0.0,6.17,0.0,0,0,0,1,0.1143,-31.4116430526547,-64.2041555793476,2.68,0.0,336,32.2
QUINTAS DE ARGUELLO,649.0,205.0,2.0,0.98,7,5,2,0,10,3,0,1,1,6.477,0.286,4.8035,0.0,1.5584999999999962,15.41,15.41,1,0,1,1,0.7298,-31.3400189964185,-64.2713056429599,3.17,2.5,13,97.6
QUINTAS DE FLORES,500.0,200.0,0.0,0.0,0,0,0,0,10,1,5,0,0,6.217,0.0,0.0,0.0,0.0,20.0,0.0,0,0,0,1,0.3704,-31.4894148301706,-64.1636669610672,2.5,0.0,90,81.8
QUINTAS DE ITALIA,500.0,200.0,3.0,1.5,0,0,0,0,0,0,52,0,0,6.217,0.0,0.0,0.0,0.0,0.0,0.0,0,0,0,0,0.0,-31.4979842970964,-64.177191210219,2.5,0.0,469,2.7
QUINTAS DE SAN JORGE,1537.0,340.0,46.0,13.53,1,1,0,1,4,2,28,0,2,7.338,0.0,0.65,6.51,0.0,2.6,13.01,1,1,0,1,0.3106,-31.3740431522688,-64.1306408255164,4.52,1.0,123,75.3
RAMON J CARCANO,2031.0,532.0,50.0,9.4,3,3,0,0,6,4,44,0,1,7.617,0.0,1.48,0.0,0.0,2.95,4.92,1,0,0,1,0.1573,-31.463692802931,-64.1376703606332,3.82,3.0,275,44.5
RECREO DEL NORTE,2032.0,487.0,61.0,12.53,0,0,0,0,0,0,15,0,0,7.617,0.0,0.0,0.0,0.0,0.0,0.0,0,0,0,0,0.0,-31.3123539634767,-64.167325622174,4.17,0.0,469,2.7
REMEDIOS DE ESCALADA,4565.0,1256.0,150.0,11.94,7,7,0,0,0,0,17,0,1,8.426,0.0,1.53,0.0,0.0,0.0,2.19,1,0,0,0,0.1062,-31.3421300238043,-64.1869920177232,3.63,7.0,363,26.7
RENACIMIENTO,2927.0,699.0,71.0,10.16,1,1,0,0,13,1,2,0,1,7.982,0.0,0.34,0.0,0.0,4.44,3.42,1,0,0,1,0.1058,-31.4183241408712,-64.1212770221383,4.19,1.0,365,26.3
RENE FAVALORO,1012.0,296.0,1.0,0.34,3,3,0,0,5,1,267,0,1,6.921,0.0,2.96,0.0,0.0,4.94,9.88,1,0,0,1,0.2969,-31.4091999467218,-64.2319102857693,3.42,3.0,131,73.7
RENE FAVALORO II,1536.0,470.0,9.0,1.91,0,0,0,0,4,2,0,0,1,7.338,0.0,0.0,0.0,0.0,2.6,6.51,0,0,0,1,0.0481,-31.4488242294769,-64.2361423987957,3.27,0.0,436,11.9
RES CHATEAU CARRERAS CO VI CO,500.0,200.0,0.0,0.0,0,0,0,0,5,2,0,0,0,6.217,0.0,0.0,0.0,0.0,10.0,0.0,0,0,0,1,0.1852,-31.3911227810288,-64.2625812057562,2.5,0.0,237,52.0
RESIDENCIAL AMERICA,6874.0,2183.0,50.0,2.29,6,3,3,0,13,4,64,1,1,8.836,0.5,0.87,0.0,1.45,1.89,1.45,1,0,1,1,0.1987,-31.3823716514569,-64.1618882993704,3.15,1.0,221,55.5
RESIDENCIAL ARAGON,1719.0,432.0,55.0,12.73,0,0,0,0,5,1,5,0,0,7.45,0.0,0.0,0.0,0.0,2.91,0.0,0,0,0,1,0.0539,-31.3715261997823,-64.1307766978515,3.98,0.0,433,12.4
RESIDENCIAL OLIVOS,971.0,311.0,4.0,1.29,1,1,0,0,3,3,118,0,1,6.879,0.0,1.03,0.0,0.0,3.09,10.3,1,0,0,1,0.1287,-31.4327587703916,-64.2106558663057,3.12,1.0,319,35.6
RESIDENCIAL SAN CARLOS,2868.0,908.0,17.0,1.87,0,0,0,0,11,7,672,2,0,7.962,0.0,0.0,0.0,1.5584999999999962,3.84,0.0,0,0,1,1,0.1822,-31.4440185024215,-64.1657393867709,3.16,0.0,241,51.4
RESIDENCIAL SAN JORGE,2240.0,584.0,72.0,12.33,2,2,0,0,1,1,31,0,1,7.715,0.0,0.89,0.0,0.0,0.45,4.46,1,0,0,1,0.0701,-31.3688561270228,-64.12982377053319,3.84,2.0,419,15.4
RESIDENCIAL SAN ROQUE,13559.0,3398.0,501.0,14.74,8,8,0,1,12,2,90,0,2,9.515,0.0,0.59,0.74,0.0,0.89,1.48,1,1,0,1,0.0821,-31.4270382314086,-64.2472947834154,3.99,8.0,397,19.8
RESIDENCIAL SANTA ANA,1547.0,474.0,13.0,2.74,0,0,0,0,17,6,0,0,1,7.345,0.0,0.0,0.0,0.0,10.99,6.46,0,0,0,1,0.2035,-31.4238461538475,-64.2149551539217,3.26,0.0,217,56.3
RESIDENCIAL SANTA ROSA,2741.0,713.0,43.0,6.03,6,4,2,0,7,2,0,0,1,7.916,0.333,2.19,0.0,0.0,2.55,3.65,1,0,0,1,0.1992,-31.4776887498821,-64.2053354654748,3.84,2.0,220,55.7
RESIDENCIAL SUD,947.0,282.0,5.0,1.77,1,1,0,0,39,10,30,0,1,6.854,0.0,1.06,0.0,0.0,24.0,10.56,1,0,0,1,0.518,-31.4663754728897,-64.2254447512096,3.36,1.0,44,91.2
RESIDENCIAL VELEZ SARSFIELD,3161.0,1013.0,6.0,0.59,2,2,0,0,14,5,372,0,1,8.059,0.0,0.63,0.0,0.0,4.43,3.16,1,0,0,1,0.1258,-31.4488841804524,-64.2091247187554,3.12,2.0,322,35.0
RIVADAVIA,3105.0,1064.0,25.0,2.35,0,0,0,0,14,11,37,0,1,8.041,0.0,0.0,0.0,0.0,4.51,3.22,0,0,0,1,0.0835,-31.432367391206,-64.1487458501079,2.92,0.0,393,20.5
RIVERA INDARTE,1742.0,517.0,23.0,4.45,0,0,0,0,6,2,301,0,1,7.463,0.0,0.0,0.0,0.0,3.44,5.74,0,0,0,1,0.0637,-31.333982397703,-64.296330832545,3.37,0.0,427,13.7
ROCIO,500.0,200.0,0.0,0.0,0,0,0,0,3,1,0,0,1,6.217,0.0,0.0,0.0,0.0,6.0,20.0,0,0,0,1,0.1111,-31.3681724782991,-64.28048692984187,2.5,0.0,347,29.1
ROCIO DEL SUR,500.0,200.0,0.0,0.0,0,0,0,0,4,1,0,0,0,6.217,0.0,0.0,0.0,0.0,8.0,0.0,0,0,0,1,0.1481,-31.4868760584956,-64.1912693028927,2.5,0.0,288,41.2
ROGELIO MARTINEZ,1204.0,390.0,3.0,0.77,9,9,0,0,12,7,13,0,1,7.094,0.0,4.8035,0.0,0.0,9.97,8.31,1,0,0,1,0.518,-31.4382346065369,-64.1782006713031,3.09,9.0,44,91.2
ROSEDAL,2314.0,755.0,6.0,0.79,2,2,0,0,1,1,186,0,2,7.747,0.0,0.86,0.0,0.0,0.43,8.64,1,0,0,1,0.0676,-31.4339776305225,-64.2262394291001,3.06,2.0,423,14.6
ROSEDAL ANEXO,916.0,288.0,6.0,2.08,3,3,0,0,5,3,0,0,2,6.821,0.0,3.28,0.0,0.0,5.46,21.83,1,0,0,1,0.3287,-31.4394090528371,-64.2285738840511,3.18,3.0,114,77.1
SACHI,1053.0,255.0,28.0,10.98,2,2,0,0,10,2,2,0,1,6.96,0.0,1.9,0.0,0.0,9.5,9.5,1,0,0,1,0.3078,-31.4537288140298,-64.2663075456171,4.13,2.0,124,75.1
SAN ANTONIO,500.0,200.0,4.0,2.0,0,0,0,0,11,2,2,0,1,6.217,0.0,0.0,0.0,0.0,22.0,20.0,0,0,0,1,0.4074,-31.4744328449938,-64.1905169218078,2.5,0.0,75,84.9
SAN CAYETANO,500.0,200.0,6.0,3.0,0,0,0,0,9,9,14,0,0,6.217,0.0,0.0,0.0,0.0,18.0,0.0,0,0,0,1,0.3333,-31.4366816283972,-64.1435193646877,2.5,0.0,108,78.0
SAN DANIEL,1359.0,455.0,13.0,2.86,0,0,0,1,8,11,158,0,1,7.215,0.0,0.0,6.656999999999986,0.0,5.89,7.36,0,1,0,1,0.3313,-31.4489648668651,-64.2027069336836,2.99,0.0,113,77.3
SAN FELIPE,2553.0,667.0,44.0,6.6,5,5,0,0,4,3,20,0,1,7.845,0.0,1.96,0.0,0.0,1.57,3.92,1,0,0,1,0.1651,-31.4567629225238,-64.136040573816,3.83,5.0,261,47.2
SAN FERNANDO,4094.0,1612.0,65.0,4.03,4,2,2,0,9,4,246,0,0,8.318,0.5,0.98,0.0,0.0,2.2,0.0,1,0,0,1,0.1087,-31.4475771620013,-64.1904852101721,2.54,1.0,358,27.6
SAN FRANCISCO,1123.0,362.0,2.0,0.55,1,1,0,0,6,4,133,0,0,7.025,0.0,0.89,0.0,0.0,5.34,0.0,1,0,0,1,0.1606,-31.4261196823107,-64.2113739415651,3.1,1.0,271,45.3
SAN IGNACIO,2787.0,755.0,82.0,10.86,1,1,0,0,17,3,181,0,1,7.933,0.0,0.36,0.0,0.0,6.1,3.59,1,0,0,1,0.1379,-31.3901313573677,-64.2483281769605,3.69,1.0,308,37.9
SAN JAVIER,1637.0,413.0,36.0,8.72,2,2,0,0,7,1,10,0,0,7.401,0.0,1.22,0.0,0.0,4.28,0.0,1,0,0,1,0.1639,-31.4556731937559,-64.1016938389538,3.96,2.0,268,46.0
SAN JOSE,548.0,200.0,2.0,1.0,1,1,0,0,15,4,146,0,1,6.308,0.0,1.82,0.0,0.0,24.0,18.25,1,0,0,1,0.5707,-31.3396643850959,-64.2892805257168,2.74,1.0,34,93.3
SAN LORENZO,1988.0,618.0,17.0,2.75,2,2,0,1,27,8,61,0,1,7.595,0.0,1.01,5.03,0.0,13.58,5.03,1,1,0,1,0.4895,-31.4555850114127,-64.1104826929887,3.22,2.0,49,90.3
SAN LORENZO NORTE,500.0,200.0,5.0,2.5,0,0,0,0,4,2,47,0,1,6.217,0.0,0.0,0.0,0.0,8.0,20.0,0,0,0,1,0.1481,-31.375034879287,-64.2167246301229,2.5,0.0,288,41.2
SAN LUIS DE FRANCIA,500.0,200.0,4.0,2.0,1,1,0,0,6,1,19,0,0,6.217,0.0,2.0,0.0,0.0,12.0,0.0,1,0,0,1,0.361,-31.480037185052,-64.2537276188054,2.5,1.0,96,80.8
SAN MARCELO,500.0,200.0,0.0,0.0,0,0,0,0,14,11,8,0,0,6.217,0.0,0.0,0.0,0.0,24.0,0.0,0,0,0,1,0.4444,-31.3625836463826,-64.2356214056744,2.5,0.0,59,87.4
SAN MARTIN,13157.0,4358.0,207.0,4.75,21,13,8,1,19,5,728,0,0,9.485,0.381,1.6,0.76,0.0,1.44,0.0,1,1,0,1,0.1631,-31.3938093272891,-64.196540458099,3.02,1.62,269,45.7
SAN MARTIN ANEXO,3153.0,1078.0,37.0,3.43,0,0,0,0,12,3,152,0,0,8.056,0.0,0.0,0.0,0.0,3.81,0.0,0,0,0,1,0.0706,-31.3810124729714,-64.2031139721542,2.92,0.0,417,15.8
SAN MARTIN NORTE,1945.0,560.0,34.0,6.07,0,0,0,1,13,7,110,0,0,7.574,0.0,0.0,5.14,0.0,6.68,0.0,0,1,0,1,0.2953,-31.3727739384295,-64.2025244371434,3.47,0.0,138,72.3
SAN NICOLAS,2063.0,596.0,44.0,7.38,0,0,0,0,7,2,193,0,1,7.632,0.0,0.0,0.0,0.0,3.39,4.85,0,0,0,1,0.0628,-31.3806758446016,-64.1513078024304,3.46,0.0,429,13.4
SAN PABLO,2190.0,672.0,25.0,3.72,0,0,0,0,15,6,69,0,1,7.692,0.0,0.0,0.0,0.0,6.85,4.57,0,0,0,1,0.1269,-31.4442248614309,-64.1609205677274,3.26,0.0,320,35.3
SAN PEDRO NOLASCO,982.0,265.0,26.0,9.81,1,1,0,0,9,1,15,0,2,6.891,0.0,1.02,0.0,0.0,9.16,20.37,1,0,0,1,0.2404,-31.466073357489,-64.2402160055799,3.71,1.0,176,64.6
SAN RAFAEL,5172.0,1698.0,20.0,1.18,5,2,3,0,9,2,252,0,0,8.551,0.6,0.97,0.0,0.0,1.74,0.0,1,0,0,1,0.0995,-31.4254002097623,-64.2219912910859,3.05,0.67,377,23.9
SAN RAMON,500.0,200.0,11.0,5.5,3,3,0,0,3,1,0,0,0,6.217,0.0,4.8035,0.0,0.0,6.0,0.0,1,0,0,1,0.4444,-31.3408780235715,-64.1007723274352,2.5,3.0,59,87.4
SAN SALVADOR,2101.0,648.0,4.0,0.62,0,0,0,0,16,9,339,0,1,7.651,0.0,0.0,0.0,0.0,7.62,4.76,0,0,0,1,0.1411,-31.4009400687718,-64.2323869269285,3.24,0.0,304,38.7
SAN VICENTE,18145.0,5733.0,291.0,5.08,34,23,11,0,42,9,272,1,1,9.806,0.324,1.87,0.0,0.55,2.31,0.55,1,0,1,1,0.2118,-31.4243205159937,-64.1539750599537,3.17,2.09,210,57.7
SANTA CECILIA,1089.0,317.0,40.0,12.62,2,2,0,0,7,3,40,0,1,6.994,0.0,1.84,0.0,0.0,6.43,9.18,1,0,0,1,0.2468,-31.3576320292659,-64.2277242696327,3.44,2.0,170,65.8
SANTA CLARA DE ASIS,1839.0,481.0,8.0,1.66,3,0,3,0,8,2,200,0,1,7.518,1.0,1.63,0.0,0.0,4.35,5.44,1,0,0,1,0.1937,-31.3807288135085,-64.1407980125362,3.82,0.0,228,54.0
SANTA ISABEL ANEXO,1361.0,328.0,24.0,7.32,2,0,2,0,8,2,0,0,0,7.217,1.0,1.47,0.0,0.0,5.88,0.0,1,0,0,1,0.2109,-31.4762535311804,-64.246541585744,4.15,0.0,211,57.5
SANTA ISABEL SECCION 1,3583.0,1013.0,45.0,4.44,0,0,0,1,13,6,0,0,1,8.184,0.0,0.0,2.79,0.0,3.63,2.79,0,1,0,1,0.1604,-31.4706991572602,-64.2324062857146,3.54,0.0,272,45.1
SANTA ISABEL SECCION 2,6113.0,1748.0,100.0,5.72,0,0,0,1,19,5,0,0,1,8.718,0.0,0.0,1.64,0.0,3.11,1.64,0,1,0,1,0.1123,-31.4765694987008,-64.2314214735328,3.5,0.0,342,31.0
SANTA ISABEL SECCION 3,4047.0,1071.0,51.0,4.76,12,8,4,0,14,3,102,0,2,8.306,0.333,2.97,0.0,0.0,3.46,4.94,1,0,0,1,0.2702,-31.4780759649089,-64.2417721699096,3.78,2.0,150,69.8
SANTA RITA,1145.0,395.0,13.0,3.29,1,1,0,1,14,5,247,0,0,7.044,0.0,0.87,6.656999999999986,0.0,12.23,0.0,1,1,0,1,0.5091,-31.4475111531909,-64.1726932933092,2.9,1.0,47,90.7
SARGENTO CABRAL,3597.0,1060.0,78.0,7.36,1,1,0,1,9,4,34,0,1,8.188,0.0,0.28,2.78,0.0,2.5,2.78,1,1,0,1,0.1585,-31.3761553934638,-64.1930039660383,3.39,1.0,274,44.7
SARMIENTO,2507.0,785.0,17.0,2.17,5,3,2,0,12,8,23,0,1,7.827,0.4,1.99,0.0,0.0,4.79,3.99,1,0,0,1,0.2268,-31.4301438218054,-64.1542666069568,3.19,1.5,193,61.1
SEP,1039.0,292.0,7.0,2.4,2,2,0,0,9,6,27,0,1,6.947,0.0,1.92,0.0,0.0,8.66,9.62,1,0,0,1,0.2936,-31.4590458861221,-64.1656905708457,3.56,2.0,139,72.1
SEP SEGUNDA ETAPA,2640.0,759.0,16.0,2.11,0,0,0,0,6,3,0,0,0,7.879,0.0,0.0,0.0,0.0,2.27,0.0,0,0,0,1,0.042,-31.459818195198,-64.163901564558,3.48,0.0,440,11.1
SMATA,2291.0,599.0,2.0,0.33,4,4,0,0,4,2,79,0,2,7.737,0.0,1.75,0.0,0.0,1.75,8.73,1,0,0,1,0.1538,-31.4544018167226,-64.2235302714597,3.82,4.0,281,43.3
SOLARES DE SANTA MARIA- ALTOS DE MANANTIALES,650.0,200.0,1.0,0.5,0,0,0,0,0,0,0,0,1,6.479,0.0,0.0,0.0,0.0,0.0,15.38,0,0,0,0,0.0,-31.4605760175949,-64.2244471605241,3.25,0.0,469,2.7
SUAREZ,2807.0,762.0,87.0,11.42,4,4,0,0,7,2,26,0,0,7.94,0.0,1.43,0.0,0.0,2.49,0.0,1,0,0,1,0.1453,-31.4386525402631,-64.2104488002246,3.68,4.0,299,39.7
TABLADA PARK,748.0,265.0,0.0,0.0,0,0,0,0,7,11,17,0,0,6.619,0.0,0.0,0.0,0.0,9.36,0.0,0,0,0,1,0.1733,-31.371014347978,-64.2262528800577,2.82,0.0,249,49.8
TALLERES ESTE,5542.0,1710.0,59.0,3.45,4,4,0,0,18,7,31,0,2,8.62,0.0,0.72,0.0,0.0,3.25,3.61,1,0,0,1,0.1101,-31.3889614484158,-64.1506644470621,3.24,4.0,357,27.9
TALLERES OESTE,5925.0,1848.0,62.0,3.35,7,7,0,0,27,9,0,0,0,8.687,0.0,1.18,0.0,0.0,4.56,0.0,1,0,0,1,0.1663,-31.3901962264128,-64.1589426196123,3.21,7.0,260,47.6
TALLERES SUD,3940.0,1027.0,145.0,14.12,0,0,0,0,4,1,18,0,1,8.279,0.0,0.0,0.0,0.0,1.02,2.54,0,0,0,1,0.0189,-31.4395334252609,-64.1342425341031,3.84,0.0,463,6.5
TEJAS DEL SUR,1454.0,406.0,5.0,1.23,0,0,0,0,0,0,3,0,0,7.283,0.0,0.0,0.0,0.0,0.0,0.0,0,0,0,0,0.0,-31.4623776512352,-64.1901622837599,3.58,0.0,469,2.7
TEJAS II,687.0,200.0,6.0,3.0,0,0,0,0,1,1,0,0,0,6.534,0.0,0.0,0.0,0.0,1.46,0.0,0,0,0,1,0.027,-31.4786597752331,-64.1992317699973,3.44,0.0,458,7.5
TENIENTE BENJAMIN MATIENZO,6873.0,2080.0,45.0,2.16,6,2,4,0,17,4,274,0,1,8.836,0.667,0.87,0.0,0.0,2.47,1.45,1,0,0,1,0.1061,-31.4413948429374,-64.2375452199026,3.3,0.5,364,26.5
TEODORO FELDS,3542.0,1258.0,5.0,0.4,2,1,1,0,24,7,329,0,1,8.173,0.5,0.56,0.0,0.0,6.78,2.82,1,0,0,1,0.1644,-31.400399552588,-64.249188644474,2.82,1.0,267,46.2
TRANVIARIOS,2245.0,720.0,16.0,2.22,0,0,0,0,20,6,12,0,1,7.717,0.0,0.0,0.0,0.0,8.91,4.45,0,0,0,1,0.165,-31.4095065222609,-64.2281773518277,3.12,0.0,264,46.7
UOCRA,1906.0,582.0,25.0,4.3,3,3,0,0,16,2,71,0,1,7.553,0.0,1.57,0.0,0.0,8.39,5.25,1,0,0,1,0.2643,-31.3226062886296,-64.2653478417105,3.27,3.0,153,69.2
URCA,3308.0,1073.0,19.0,1.77,5,3,2,0,13,3,147,0,0,8.104,0.4,1.51,0.0,0.0,3.93,0.0,1,0,0,1,0.1776,-31.3825291437329,-64.237176476034,3.08,1.5,246,50.4
URITORCO,500.0,200.0,1.0,0.5,0,0,0,0,10,7,41,0,0,6.217,0.0,0.0,0.0,0.0,20.0,0.0,0,0,0,1,0.3704,-31.4007024648215,-64.2348551534556,2.5,0.0,90,81.8
URQUIZA,5578.0,1562.0,160.0,10.24,1,1,0,1,4,2,17,0,1,8.627,0.0,0.18,1.79,0.0,0.72,1.79,1,1,0,1,0.0856,-31.438642250908,-64.1474823201876,3.57,1.0,389,21.5
VALLE DEL CERRO,701.0,216.0,0.0,0.0,1,0,1,0,5,2,65,0,1,6.554,1.0,1.43,0.0,0.0,7.13,14.27,1,0,0,1,0.2313,-31.3714184962642,-64.2403575253101,3.25,0.0,187,62.3
VASQUEZ,500.0,200.0,13.0,6.5,0,0,0,0,4,1,0,0,0,6.217,0.0,0.0,0.0,0.0,8.0,0.0,0,0,0,1,0.1481,-31.4814988423669,-64.1311415524934,2.5,0.0,288,41.2
VICOR,500.0,200.0,3.0,1.5,3,3,0,1,10,2,72,0,2,6.217,0.0,4.8035,6.656999999999986,0.0,20.0,40.0,1,1,0,1,0.9259,-31.4779710996914,-64.2476088717772,2.5,3.0,2,99.8
VILLA 4 DE AGOSTO,1620.0,329.0,81.0,24.62,0,0,0,1,4,1,0,0,0,7.391,0.0,0.0,6.17,0.0,2.47,0.0,0,1,0,1,0.2517,-31.3709389448169,-64.1908220088431,4.92,0.0,163,67.2
VILLA 9 DE JULIO,8712.0,2383.0,268.0,11.25,2,2,0,2,10,2,472,0,2,9.073,0.0,0.23,2.3,0.0,1.15,2.3,1,1,0,1,0.114,-31.329018947509,-64.270839671136,3.66,2.0,337,32.0
VILLA ADELA,3684.0,1088.0,56.0,5.15,10,8,2,1,14,3,278,0,1,8.212,0.2,2.71,2.71,0.0,3.8,2.71,1,1,0,1,0.3489,-31.4354459009998,-64.247507386986,3.39,4.0,102,79.6
VILLA ALBERDI,2014.0,547.0,44.0,8.04,1,1,0,0,15,6,11,0,0,7.608,0.0,0.5,0.0,0.0,7.45,0.0,1,0,0,1,0.1727,-31.3934888286527,-64.2358376189342,3.68,1.0,250,49.6
VILLA ALBERTO,876.0,200.0,25.0,12.5,3,3,0,0,5,1,3,0,1,6.777,0.0,3.42,0.0,0.0,5.71,11.42,1,0,0,1,0.3431,-31.4161416393993,-64.2666051276845,4.38,3.0,105,78.9
VILLA ALICIA RISLER,3062.0,797.0,100.0,12.55,2,2,0,0,11,1,85,0,1,8.027,0.0,0.65,0.0,0.0,3.59,3.27,1,0,0,1,0.1116,-31.3114354632522,-64.1804311454914,3.84,2.0,346,30.2
VILLA ALLENDE PARQUE,5601.0,1512.0,138.0,9.13,3,3,0,1,29,3,85,0,1,8.631,0.0,0.54,1.79,0.0,5.18,1.79,1,1,0,1,0.1932,-31.3138838412422,-64.2821735904198,3.7,3.0,229,53.8
VILLA ARGENTINA,966.0,313.0,3.0,0.96,0,0,0,0,7,3,96,0,0,6.874,0.0,0.0,0.0,0.0,7.25,0.0,0,0,0,1,0.1343,-31.431052918483,-64.1354526357973,3.09,0.0,313,36.7
VILLA ASPACIA,2319.0,607.0,43.0,7.08,0,0,0,0,8,2,52,0,1,7.749,0.0,0.0,0.0,0.0,3.45,4.31,0,0,0,1,0.0639,-31.4430863044472,-64.2474522379448,3.82,0.0,426,14.0
VILLA AVALOS,1364.0,350.0,88.0,25.14,0,0,0,0,0,0,17,0,2,7.219,0.0,0.0,0.0,0.0,0.0,14.66,0,0,0,0,0.0,-31.4159890689732,-64.2431944869072,3.9,0.0,469,2.7
VILLA AZALAIS,7680.0,2225.0,140.0,6.29,8,6,2,1,8,1,54,0,1,8.947,0.25,1.04,1.3,0.0,1.04,1.3,1,1,0,1,0.1348,-31.3733605910932,-64.1519055061196,3.45,3.0,311,37.2
VILLA AZALAIS ANEXO,500.0,200.0,13.0,6.5,0,0,0,0,2,2,0,0,0,6.217,0.0,0.0,0.0,0.0,4.0,0.0,0,0,0,1,0.0741,-31.3651524446768,-64.1617435194703,2.5,0.0,406,17.5
VILLA AZALAIS OESTE,1121.0,319.0,14.0,4.39,6,6,0,1,9,3,11,0,0,7.023,0.0,4.8035,6.656999999999986,0.0,8.03,0.0,1,1,0,1,0.7043,-31.3679277643136,-64.1748905214047,3.51,6.0,16,97.0
VILLA BELGRANO,5152.0,1554.0,24.0,1.54,10,2,8,0,16,3,417,0,0,8.547,0.8,1.94,0.0,0.0,3.11,0.0,1,0,0,1,0.1922,-31.3593223550694,-64.2502732108312,3.32,0.25,230,53.6
VILLA BUSTOS,2219.0,538.0,54.0,10.04,5,5,0,1,10,2,23,0,1,7.705,0.0,2.25,4.51,0.0,4.51,4.51,1,1,0,1,0.3902,-31.4380459286388,-64.1118196733192,4.12,5.0,84,83.2
VILLA CABRERA,6437.0,2336.0,28.0,1.2,8,4,4,0,15,13,755,0,1,8.77,0.5,1.24,0.0,0.0,2.33,1.55,1,0,0,1,0.1292,-31.3873896225332,-64.2107766574213,2.76,1.0,318,35.8
VILLA CENTENARIO,2331.0,847.0,13.0,1.53,3,3,0,0,3,9,17,0,0,7.754,0.0,1.29,0.0,0.0,1.29,0.0,1,0,0,1,0.1134,-31.3655136474965,-64.2308900849635,2.75,3.0,339,31.6
VILLA CLARET,500.0,200.0,4.0,2.0,1,0,1,0,11,4,11,0,0,6.217,1.0,2.0,0.0,0.0,22.0,0.0,1,0,0,1,0.5462,-31.346764951577,-64.238479952604,2.5,0.0,37,92.7
VILLA CLAUDINA,500.0,200.0,6.0,3.0,3,3,0,0,9,2,0,0,0,6.217,0.0,4.8035,0.0,0.0,18.0,0.0,1,0,0,1,0.6667,-31.3886748687489,-64.1225564917819,2.5,3.0,20,95.9
VILLA CORINA,4622.0,1373.0,78.0,5.68,7,1,6,0,15,2,38,0,1,8.439,0.857,1.51,0.0,0.0,3.25,2.16,1,0,0,1,0.165,-31.3753122407543,-64.1446975348582,3.37,0.17,264,46.7
VILLA CORNU,7274.0,1908.0,144.0,7.55,3,3,0,0,0,0,13,0,0,8.892,0.0,0.41,0.0,0.0,0.0,0.0,1,0,0,0,0.0285,-31.31516378474725,-64.26416452459095,3.81,3.0,456,7.9
VILLA CORONEL OLMEDO,3719.0,1052.0,66.0,6.27,6,6,0,1,23,4,46,0,1,8.221,0.0,1.61,2.69,0.0,6.18,2.69,1,1,0,1,0.316,-31.4808392426478,-64.1415667955082,3.54,6.0,119,76.1
VILLA EL LIBERTADOR,58648.0,15082.0,2096.0,13.9,26,17,9,1,21,6,145,1,0,10.979,0.346,0.44,0.17,0.17,0.36,0.0,1,1,1,1,0.055,-31.4831663693664,-64.22405825134055,3.89,1.89,432,12.8
VILLA ESQUIU,834.0,224.0,18.0,8.04,4,4,0,1,7,1,0,0,0,6.727,0.0,4.8,6.656999999999986,0.0,8.39,0.0,1,1,0,1,0.7107,-31.3581731705604,-64.106364790417,3.72,4.0,14,97.4
VILLA EUCARISTICA,1404.0,366.0,6.0,1.64,3,0,3,0,0,0,9,0,2,7.248,1.0,2.14,0.0,0.0,0.0,14.25,1,0,0,0,0.1485,-31.4821048973798,-64.1788372981638,3.84,0.0,287,42.1
VILLA GENERAL URQUIZA,6010.0,1524.0,261.0,17.13,6,3,3,1,12,4,45,0,2,8.701,0.5,1.0,1.66,0.0,2.0,3.33,1,1,0,1,0.1618,-31.3909913330131,-64.2417974420032,3.94,1.0,270,45.5
VILLA GRAN PARQUE,581.0,200.0,11.0,5.5,0,0,0,0,0,0,81,0,1,6.366,0.0,0.0,0.0,0.0,0.0,17.21,0,0,0,0,0.0,-31.3271029528563,-64.1616106373206,2.9,0.0,469,2.7
VILLA LA MERCED,1325.0,280.0,61.0,21.79,3,3,0,1,6,1,0,0,0,7.19,0.0,2.26,6.656999999999986,0.0,4.53,0.0,1,1,0,1,0.4629,-31.4082708450202,-64.0642238571163,4.73,3.0,56,88.9
VILLA MAFEKIN,1923.0,542.0,44.0,8.12,3,3,0,0,14,3,0,0,1,7.562,0.0,1.56,0.0,0.0,7.28,5.2,1,0,0,1,0.2431,-31.4022481112785,-64.2569491260768,3.55,3.0,175,64.8
VILLA MARTA,981.0,340.0,2.0,0.59,0,0,0,0,8,3,29,0,0,6.89,0.0,0.0,0.0,0.0,8.15,0.0,0,0,0,1,0.1509,-31.3608191633499,-64.2281814784385,2.89,0.0,283,42.9
VILLA MARTINEZ,3496.0,826.0,169.0,20.46,3,3,0,0,9,2,4,0,1,8.16,0.0,0.86,0.0,0.0,2.57,2.86,1,0,0,1,0.1073,-31.4160857927922,-64.2507310219899,4.23,3.0,361,27.1
VILLA PAEZ,4861.0,1428.0,105.0,7.35,7,4,3,1,12,4,140,0,1,8.489,0.429,1.44,2.06,0.0,2.47,2.06,1,1,0,1,0.2144,-31.3959348360502,-64.2060005908958,3.4,1.33,207,58.3
VILLA QUISQUIZACATE,1477.0,421.0,13.0,3.09,1,1,0,0,6,2,152,0,1,7.298,0.0,0.68,0.0,0.0,4.06,6.77,1,0,0,1,0.1224,-31.3331577606987,-64.2818486053848,3.51,1.0,325,34.1
VILLA RETIRO,910.0,258.0,16.0,6.2,6,3,3,0,3,2,53,0,1,6.815,0.5,4.8035,0.0,0.0,3.3,10.99,1,0,0,1,0.3944,-31.336307674505548,-64.145948137302,3.53,1.0,80,84.0
VILLA REVOL,4327.0,1341.0,58.0,4.33,2,2,0,0,10,4,298,0,1,8.373,0.0,0.46,0.0,0.0,2.31,2.31,1,0,0,1,0.0747,-31.4435550254359,-64.1727065975052,3.23,2.0,405,18.2
VILLA REVOL ANEXO,876.0,258.0,31.0,12.02,1,1,0,0,6,5,16,1,0,6.777,0.0,1.14,0.0,1.5584999999999962,6.85,0.0,1,0,1,1,0.3171,-31.4370580300058,-64.1699676689109,3.4,1.0,116,76.7
VILLA RIVADAVIA,876.0,226.0,49.0,21.68,5,5,0,1,23,1,0,0,1,6.777,0.0,4.8035,6.656999999999986,0.0,24.0,11.42,1,1,0,1,1.0,-31.5130596771592,-64.1945915895642,3.88,5.0,1,100.0
VILLA RIVERA INDARTE,4473.0,1207.0,62.0,5.14,13,5,8,1,20,2,121,0,1,8.406,0.615,2.91,2.24,0.0,4.47,2.24,1,1,0,1,0.3595,-31.3254407068763,-64.2939456332099,3.71,0.62,97,80.6
VILLA SAN CARLOS,507.0,200.0,15.0,7.5,9,6,3,0,8,4,4,0,1,6.23,0.333,4.8035,0.0,0.0,15.78,19.72,1,0,0,1,0.6256,-31.4620977600299,-64.1700416939278,2.54,2.0,28,94.5
VILLA SAN ISIDRO,844.0,252.0,7.0,2.78,0,0,0,0,9,3,26,0,0,6.739,0.0,0.0,0.0,0.0,10.66,0.0,0,0,0,1,0.1974,-31.4575712536414,-64.1881087347359,3.35,0.0,224,54.8
VILLA SERRANA,1089.0,275.0,51.0,18.55,2,1,1,0,6,1,1,0,2,6.994,0.5,1.84,0.0,0.0,5.51,18.37,1,0,0,1,0.2297,-31.3301623505514,-64.2789046482414,3.96,1.0,190,61.7
VILLA SIBURU,1333.0,365.0,43.0,11.78,4,4,0,1,8,4,100,0,1,7.196,0.0,3.0,6.656999999999986,0.0,6.0,7.5,1,1,0,1,0.5415,-31.3956863950044,-64.2305440533676,3.65,4.0,40,92.1
VILLA SILVANO FUNES,925.0,274.0,15.0,5.47,0,0,0,0,22,7,28,0,1,6.831,0.0,0.0,0.0,0.0,23.78,10.81,0,0,0,1,0.4404,-31.3403524658703,-64.251239453436,3.38,0.0,69,86.2
VILLA SOLFERINO,664.0,200.0,5.0,2.5,0,0,0,0,7,3,11,0,1,6.5,0.0,0.0,0.0,0.0,10.54,15.06,0,0,0,1,0.1952,-31.341833627199,-64.2755114664663,3.32,0.0,227,54.3
VILLA UNION,4842.0,1232.0,212.0,17.21,4,4,0,1,16,2,8,0,1,8.485,0.0,0.83,2.07,0.0,3.3,2.07,1,1,0,1,0.1878,-31.4250447239479,-64.2651931533667,3.93,4.0,236,52.4
VILLA WARCALDE,624.0,200.0,20.0,10.0,3,0,3,0,5,1,10,0,0,6.438,1.0,4.8035,0.0,0.0,8.01,0.0,1,0,0,1,0.4817,-31.3436875418139,-64.2949561314855,3.12,0.0,51,89.8
VIVERO NORTE,1571.0,442.0,17.0,3.85,2,2,0,1,8,2,152,0,0,7.36,0.0,1.27,6.37,0.0,5.09,0.0,1,1,0,1,0.395,-31.382311576231,-64.1446636862196,3.55,2.0,79,84.2
YAPEYU,25119.0,7218.0,426.0,5.9,8,8,0,1,6,2,30,0,1,10.131,0.0,0.32,0.4,0.0,0.24,0.4,1,1,0,1,0.04,-31.410369494566265,-64.14616987081894,3.48,8.0,443,10.5
YOFRE H,3578.0,1016.0,58.0,5.71,2,2,0,0,0,0,267,0,0,8.183,0.0,0.56,0.0,0.0,0.0,0.0,1,0,0,0,0.0389,-31.38234254247095,-64.12556007490045,3.52,2.0,446,9.9
YOFRE I,5262.0,1582.0,66.0,4.17,0,0,0,1,15,2,44,0,1,8.568,0.0,0.0,1.9,0.0,2.85,1.9,0,1,0,1,0.1162,-31.3900178275939,-64.12771732212764,3.33,0.0,334,32.6
YOFRE NORTE,6935.0,2180.0,60.0,2.75,9,4,5,0,18,4,46,0,1,8.844,0.556,1.3,0.0,0.0,2.6,1.44,1,0,0,1,0.1384,-31.383963889503,-64.1340907794603,3.18,0.8,306,38.3
YOFRE SUD,5126.0,1543.0,55.0,3.56,3,3,0,0,12,3,321,0,1,8.542,0.0,0.59,0.0,0.0,2.34,1.95,1,0,0,1,0.0843,-31.3922689658402,-64.1354610976761,3.32,3.0,390,21.3
ZEPA,1061.0,255.0,36.0,14.12,4,4,0,1,5,3,10,1,2,6.968,0.0,3.77,6.656999999999986,1.5584999999999962,4.71,18.85,1,1,1,1,0.6822,-31.3894472257739,-64.1064392092923,4.16,4.0,17,96.8
