X,Y,Name,NOMBRE_BAR,SUP_HA_MOD,COD_BA_14,Poblacion,Hombres,Mujeres,%Poblacion,Hogares,NBI(hogares)
-64.1064392092923,-31.3894472257739,483-ZEPA,ZEPA,26.54,"483","1,061","527","534",0.08%,"255","36"
-64.1354610976761,-31.3922689658402,482-YOFRE SUD,YOFRE SUD,46.17,"482","5,126","2,444","2,682",0.39%,"1,543","55"
-64.1340907794603,-31.383963889503,481-YOFRE NORTE,YOFRE NORTE,73.63,"481","6,935","3,224","3,711",0.52%,"2,180","60"
-64.129184347694,-31.3911786575256,480-YOFRE I,YOFRE I,27.87,"480","2,631","1,249","1,382",0.20%,"791","33"
-64.1262502965613,-31.3888569976622,480-YOFRE I,YOFRE I,27.87,"480","2,631","1,249","1,382",0.20%,"791","33"
-64.1219689554819,-31.3816576646308,479-YOFRE H,YOFRE H,125.97,"479","1,789","880","909",0.13%,"508","29"
-64.129151194319,-31.3830274203111,479-YOFRE H,YOFRE H,125.97,"479","1,789","880","909",0.13%,"508","29"
-64.1496418820637,-31.4128278453437,478-YAPEYU,YAPEYU,85.24,"478","8,373","4,033","4,340",0.63%,"2,406","142"
-64.1447099774208,-31.4091462009157,478-YAPEYU,YAPEYU,85.24,"478","8,373","4,033","4,340",0.63%,"2,406","142"
-64.1441577529723,-31.4091344374394,478-YAPEYU,YAPEYU,85.24,"478","8,373","4,033","4,340",0.63%,"2,406","142"
-64.1446636862196,-31.382311576231,477-VIVERO NORTE,VIVERO NORTE,20.87,"477","1,571","735","836",0.12%,"442","17"
-64.2949561314855,-31.3436875418139,475-VILLA WARCALDE,VILLA WARCALDE,117.26,"475","624","309","315",0.05%,"184","20"
-64.2651931533667,-31.4250447239479,474-VILLA UNION,VILLA UNION,92.05,"474","4,842","2,383","2,459",0.36%,"1,232","212"
-64.2755114664663,-31.341833627199,473-VILLA SOLFERINO,VILLA SOLFERINO,12.89,"473","664","309","355",0.05%,"198","5"
-64.251239453436,-31.3403524658703,472-VILLA SILVANO FUNES,VILLA SILVANO FUNES,20.75,"472","925","458","467",0.07%,"274","15"
-64.2305440533676,-31.3956863950044,471-VILLA SIBURU,VILLA SIBURU,46.68,"471","1,333","676","657",0.10%,"365","43"
-64.2789046482414,-31.3301623505514,470-VILLA SERRANA,VILLA SERRANA,17.6,"470","1,089","533","556",0.08%,"275","51"
-64.1881087347359,-31.4575712536414,469-VILLA SAN ISIDRO,VILLA SAN ISIDRO,11.58,"469","844","423","421",0.06%,"252","7"
-64.1700416939278,-31.4620977600299,468-VILLA SAN CARLOS,VILLA SAN CARLOS,19.13,"468","507","245","262",0.04%,"161","15"
-64.2939456332099,-31.3254407068763,467-VILLA RIVERA INDARTE,VILLA RIVERA INDARTE,202.08,"467","4,473","2,225","2,248",0.34%,"1,207","62"
-64.1945915895642,-31.5130596771592,466-VILLA RIVADAVIA,VILLA RIVADAVIA,17.58,"466","876","448","428",0.07%,"226","49"
-64.1699676689109,-31.4370580300058,465-VILLA REVOL ANEXO,VILLA REVOL ANEXO,18.54,"465","876","418","458",0.07%,"258","31"
-64.1727065975052,-31.4435550254359,464-VILLA REVOL,VILLA REVOL,47.32,"464","4,327","2,045","2,282",0.33%,"1,341","58"
-64.1419326685494,-31.3293554739875,463-VILLA RETIRO,VILLA RETIRO,271.5,"463","455","229","226",0.03%,"129","8"
-64.1499636060546,-31.3432598750236,463-VILLA RETIRO,VILLA RETIRO,271.5,"463","455","229","226",0.03%,"129","8"
-64.2818486053848,-31.3331577606987,462-VILLA QUISQUIZACATE,VILLA QUISQUIZACATE,83.12,"462","1,477","717","760",0.11%,"421","13"
-64.2060005908958,-31.3959348360502,461-VILLA PAEZ,VILLA PAEZ,57.45,"461","4,861","2,335","2,526",0.37%,"1,428","105"
-64.2507310219899,-31.4160857927922,460-VILLA MARTINEZ,VILLA MARTINEZ,37.38,"460","3,496","1,748","1,748",0.26%,"826","169"
-64.2281814784385,-31.3608191633499,459-VILLA MARTA,VILLA MARTA,14.38,"459","981","483","498",0.07%,"340","2"
-64.2569491260768,-31.4022481112785,458-VILLA MAFEKIN,VILLA MAFEKIN,38.74,"458","1,923","920","1,003",0.14%,"542","44"
-64.0642238571163,-31.4082708450202,457-VILLA LA MERCED,VILLA LA MERCED,44.71,"457","1,325","670","655",0.10%,"280","61"
-64.1616106373206,-31.3271029528563,456-VILLA GRAN PARQUE,VILLA GRAN PARQUE,391.3,"456","581","300","281",0.04%,"155","11"
-64.2417974420032,-31.3909913330131,455-VILLA GENERAL URQUIZA,VILLA GENERAL URQUIZA,88.26,"455","6,010","2,976","3,034",0.45%,"1,524","261"
-64.1788372981638,-31.4821048973798,454-VILLA EUCARISTICA,VILLA EUCARISTICA,468.64,"454","1,404","717","687",0.11%,"366","6"
-64.106364790417,-31.3581731705604,453-VILLA ESQUIU,VILLA ESQUIU,313.08,"453","834","413","421",0.06%,"224","18"
-64.217256442448,-31.4821847839702,452-VILLA EL LIBERTADOR,VILLA EL LIBERTADOR,702.25,"452","29,324","14,459","14,865",2.21%,"7,541","1,048"
-64.2308600602331,-31.4841479547626,452-VILLA EL LIBERTADOR,VILLA EL LIBERTADOR,702.25,"452","29,324","14,459","14,865",2.21%,"7,541","1,048"
-64.1415667955082,-31.4808392426478,451-VILLA CORONEL OLMEDO,VILLA CORONEL OLMEDO,45.18,"451","3,719","1,813","1,906",0.28%,"1,052","66"
-64.2733000230197,-31.3144604769515,450-VILLA CORNU,VILLA CORNU,76.12,"450","3,637","1,786","1,851",0.27%,"954","72"
-64.2550290261622,-31.315867092543,450-VILLA CORNU,VILLA CORNU,76.12,"450","3,637","1,786","1,851",0.27%,"954","72"
-64.1446975348582,-31.3753122407543,449-VILLA CORINA,VILLA CORINA,57.06,"449","4,622","2,174","2,448",0.35%,"1,373","78"
-64.1225564917819,-31.3886748687489,448-VILLA CLAUDINA,VILLA CLAUDINA,4.25,"448","334","167","167",0.03%,"98","6"
-64.238479952604,-31.346764951577,447-VILLA CLARET,VILLA CLARET,6.49,"447","494","238","256",0.04%,"137","4"
-64.2308900849635,-31.3655136474965,446-VILLA CENTENARIO,VILLA CENTENARIO,49.47,"446","2,331","1,040","1,291",0.18%,"847","13"
-64.2107766574213,-31.3873896225332,445-VILLA CABRERA,VILLA CABRERA,112.83,"445","6,437","2,940","3,497",0.48%,"2,336","28"
-64.1118196733192,-31.4380459286388,444-VILLA BUSTOS,VILLA BUSTOS,31.56,"444","2,219","1,107","1,112",0.17%,"538","54"
-64.2502732108312,-31.3593223550694,443-VILLA BELGRANO,VILLA BELGRANO,259.07,"443","5,152","2,537","2,615",0.39%,"1,554","24"
-64.1748905214047,-31.3679277643136,442-VILLA AZALAIS OESTE,VILLA AZALAIS OESTE,22.02,"442","1,121","560","561",0.08%,"319","14"
-64.1617435194703,-31.3651524446768,441-VILLA AZALAIS ANEXO,VILLA AZALAIS ANEXO,12.64,"441","351","167","184",0.03%,"82","13"
-64.1519055061196,-31.3733605910932,440-VILLA AZALAIS,VILLA AZALAIS,87.9,"440","7,680","3,701","3,979",0.58%,"2,225","140"
-64.2431944869072,-31.4159890689732,439-VILLA AVALOS,VILLA AVALOS,71.21,"439","1,364","710","654",0.10%,"350","88"
-64.2474522379448,-31.4430863044472,438-VILLA ASPACIA,VILLA ASPACIA,40.81,"438","2,319","1,130","1,189",0.17%,"607","43"
-64.1354526357973,-31.431052918483,437-VILLA ARGENTINA,VILLA ARGENTINA,13.12,"437","966","472","494",0.07%,"313","3"
-64.2821735904198,-31.3138838412422,436-VILLA ALLENDE PARQUE,VILLA ALLENDE PARQUE,131.17,"436","5,601","2,759","2,842",0.42%,"1,512","138"
-64.1804311454914,-31.3114354632522,435-VILLA ALICIA RISLER,VILLA ALICIA RISLER,40.05,"435","3,062","1,500","1,562",0.23%,"797","100"
-64.2666051276845,-31.4161416393993,434-VILLA ALBERTO,VILLA ALBERTO,52.52,"434","876","435","441",0.07%,"198","25"
-64.2358376189342,-31.3934888286527,433-VILLA ALBERDI,VILLA ALBERDI,30.14,"433","2,014","964","1,050",0.15%,"547","44"
-64.247507386986,-31.4354459009998,432-VILLA ADELA,VILLA ADELA,52.72,"432","3,684","1,804","1,880",0.28%,"1,088","56"
-64.270839671136,-31.329018947509,431-VILLA 9 DE JULIO,VILLA 9 DE JULIO,199.37,"431","8,712","4,276","4,436",0.66%,"2,383","268"
-64.1908220088431,-31.3709389448169,430-VILLA 4 DE AGOSTO,VILLA 4 DE AGOSTO,9.72,"430","1,620","806","814",0.12%,"329","81"
-64.2476088717772,-31.4779710996914,429-VICOR,VICOR,4.81,"429","418","210","208",0.03%,"93","3"
-64.1311415524934,-31.4814988423669,428-VASQUEZ,VASQUEZ,6.65,"428","119","56","63",0.01%,"32","13"
-64.2403575253101,-31.3714184962642,427-VALLE DEL CERRO,VALLE DEL CERRO,24.06,"427","701","353","348",0.05%,"216","0"
-64.1474823201876,-31.438642250908,426-URQUIZA,URQUIZA,54.95,"426","5,578","2,694","2,884",0.42%,"1,562","160"
-64.2348551534556,-31.4007024648215,425-URITORCO,URITORCO,8.19,"425","428","202","226",0.03%,"127","1"
-64.237176476034,-31.3825291437329,424-URCA,URCA,65.61,"424","3,308","1,549","1,759",0.25%,"1,073","19"
-64.2653478417105,-31.3226062886296,423-UOCRA,UOCRA,30.58,"423","1,906","890","1,016",0.14%,"582","25"
-64.2281773518277,-31.4095065222609,422-TRANVIARIOS,TRANVIARIOS,27.03,"422","2,245","1,061","1,184",0.17%,"720","16"
-64.249188644474,-31.400399552588,421-TEODORO FELDS,TEODORO FELDS,74.58,"421","3,542","1,686","1,856",0.27%,"1,258","5"
-64.2375452199026,-31.4413948429374,420-TENIENTE BENJAMIN MATIENZO,TENIENTE BENJAMIN MATIENZO,99.39,"420","6,873","3,274","3,599",0.52%,"2,080","45"
-64.1992317699973,-31.4786597752331,419-TEJAS II,TEJAS II,47.85,"419","687","322","365",0.05%,"187","6"
-64.1901622837599,-31.4623776512352,418-TEJAS DEL SUR,TEJAS DEL SUR,28.27,"418","1,454","717","737",0.11%,"406","5"
-64.1342425341031,-31.4395334252609,417-TALLERES SUD,TALLERES SUD,47.63,"417","3,940","1,883","2,057",0.30%,"1,027","145"
-64.1589426196123,-31.3901962264128,416-TALLERES OESTE,TALLERES OESTE,139.04,"416","5,925","2,799","3,126",0.45%,"1,848","62"
-64.1506644470621,-31.3889614484158,415-TALLERES ESTE,TALLERES ESTE,59.71,"415","5,542","2,608","2,934",0.42%,"1,710","59"
-64.2262528800577,-31.371014347978,414-TABLADA PARK,TABLADA PARK,28.25,"414","748","351","397",0.06%,"265","0"
-64.2104488002246,-31.4386525402631,413-SUAREZ,SUAREZ,35.24,"413","2,807","1,396","1,411",0.21%,"762","87"
-64.2244471605241,-31.4605760175949,412-SOLARES DE SANTA MARIA- ALTOS DE MANANTIALES,SOLARES DE SANTA MARIA- ALTOS DE MANANTIALES,38.02,"412","650","312","338",0.05%,"192","1"
-64.2235302714597,-31.4544018167226,411-SMATA,SMATA,30.05,"411","2,291","1,124","1,167",0.17%,"599","2"
-64.163901564558,-31.459818195198,410-SEP SEGUNDA ETAPA,SEP SEGUNDA ETAPA,15.38,"410","2,640","1,268","1,372",0.20%,"759","16"
-64.1656905708457,-31.4590458861221,409-SEP,SEP,5.54,"409","1,039","481","558",0.08%,"292","7"
-64.1542666069568,-31.4301438218054,408-SARMIENTO,SARMIENTO,30.31,"408","2,507","1,202","1,305",0.19%,"785","17"
-64.1930039660383,-31.3761553934638,407-SARGENTO CABRAL,SARGENTO CABRAL,36.09,"407","3,597","1,701","1,896",0.27%,"1,060","78"
-64.1726932933092,-31.4475111531909,406-SANTA RITA,SANTA RITA,16.49,"406","1,145","546","599",0.09%,"395","13"
-64.2417721699096,-31.4780759649089,405-SANTA ISABEL SECCION 3,SANTA ISABEL SECCION 3,49.46,"405","4,047","1,984","2,063",0.30%,"1,071","51"
-64.2314214735328,-31.4765694987008,404-SANTA ISABEL SECCION 2,SANTA ISABEL SECCION 2,88.55,"404","6,113","2,952","3,161",0.46%,"1,748","100"
-64.2324062857146,-31.4706991572602,403-SANTA ISABEL SECCION 1,SANTA ISABEL SECCION 1,79.33,"403","3,583","1,712","1,871",0.27%,"1,013","45"
-64.246541585744,-31.4762535311804,402-SANTA ISABEL ANEXO,SANTA ISABEL ANEXO,17.55,"402","1,361","680","681",0.10%,"328","24"
-64.1407980125362,-31.3807288135085,401-SANTA CLARA DE ASIS,SANTA CLARA DE ASIS,20.05,"401","1,839","928","911",0.14%,"481","8"
-64.2277242696327,-31.3576320292659,400-SANTA CECILIA,SANTA CECILIA,12.89,"400","1,089","540","549",0.08%,"317","40"
-64.1539750599537,-31.4243205159937,399-SAN VICENTE,SAN VICENTE,259.96,"399","18,145","8,346","9,799",1.36%,"5,733","291"
-64.2323869269285,-31.4009400687718,398-SAN SALVADOR,SAN SALVADOR,34.5,"398","2,101","1,026","1,075",0.16%,"648","4"
-64.1007723274352,-31.3408780235715,397-SAN RAMON,SAN RAMON,105.72,"397","356","187","169",0.03%,"96","11"
-64.2219912910859,-31.4254002097623,396-SAN RAFAEL,SAN RAFAEL,65.01,"396","5,172","2,401","2,771",0.39%,"1,698","20"
-64.2402160055799,-31.466073357489,395-SAN PEDRO NOLASCO,SAN PEDRO NOLASCO,40.77,"395","982","484","498",0.07%,"265","26"
-64.1609205677274,-31.4442248614309,394-SAN PABLO,SAN PABLO,28.03,"394","2,190","1,022","1,168",0.16%,"672","25"
-64.1513078024304,-31.3806758446016,393-SAN NICOLAS,SAN NICOLAS,22.06,"393","2,063","970","1,093",0.16%,"596","44"
-64.2025244371434,-31.3727739384295,392-SAN MARTIN NORTE,SAN MARTIN NORTE,23.09,"392","1,945","930","1,015",0.15%,"560","34"
-64.2031139721542,-31.3810124729714,391-SAN MARTIN ANEXO,SAN MARTIN ANEXO,33.95,"391","3,153","1,477","1,676",0.24%,"1,078","37"
-64.196540458099,-31.3938093272891,389-SAN MARTIN,SAN MARTIN,145.19,"389","13,157","6,519","6,638",0.99%,"4,358","207"
-64.2356214056744,-31.3625836463826,388-SAN MARCELO,SAN MARCELO,9.2,"388","270","124","146",0.02%,"91","0"
-64.2537276188054,-31.480037185052,387-SAN LUIS DE FRANCIA,SAN LUIS DE FRANCIA,7.27,"387","406","198","208",0.03%,"107","4"
-64.2167246301229,-31.375034879287,386-SAN LORENZO NORTE,SAN LORENZO NORTE,5.21,"386","419","195","224",0.03%,"140","5"
-64.1104826929887,-31.4555850114127,385-SAN LORENZO,SAN LORENZO,35.74,"385","1,988","908","1,080",0.15%,"618","17"
-64.2892805257168,-31.3396643850959,384-SAN JOSE,SAN JOSE,14.31,"384","548","255","293",0.04%,"166","2"
-64.1016938389538,-31.4556731937559,383-SAN JAVIER,SAN JAVIER,116.96,"383","1,637","848","789",0.12%,"413","36"
-64.2483281769605,-31.3901313573677,382-SAN IGNACIO,SAN IGNACIO,48.87,"382","2,787","1,369","1,418",0.21%,"755","82"
-64.2113739415651,-31.4261196823107,381-SAN FRANCISCO,SAN FRANCISCO,25.61,"381","1,123","531","592",0.08%,"362","2"
-64.1904852101721,-31.4475771620013,380-SAN FERNANDO,SAN FERNANDO,51.51,"380","4,094","1,980","2,114",0.31%,"1,612","65"
-64.136040573816,-31.4567629225238,379-SAN FELIPE,SAN FELIPE,80.34,"379","2,553","1,254","1,299",0.19%,"667","44"
-64.2027069336836,-31.4489648668651,378-SAN DANIEL,SAN DANIEL,20.5,"378","1,359","653","706",0.10%,"455","13"
-64.1435193646877,-31.4366816283972,377-SAN CAYETANO,SAN CAYETANO,5.43,"377","288","141","147",0.02%,"65","6"
-64.1905169218078,-31.4744328449938,376-SAN ANTONIO,SAN ANTONIO,19.67,"376","323","154","169",0.02%,"93","4"
-64.2663075456171,-31.4537288140298,375-SACHI,SACHI,14.87,"375","1,053","513","540",0.08%,"255","28"
-64.2285738840511,-31.4394090528371,374-ROSEDAL ANEXO,ROSEDAL ANEXO,14.13,"374","916","425","491",0.07%,"288","6"
-64.2262394291001,-31.4339776305225,373-ROSEDAL,ROSEDAL,34.27,"373","2,314","1,090","1,224",0.17%,"755","6"
-64.1782006713031,-31.4382346065369,372-ROGELIO MARTINEZ,ROGELIO MARTINEZ,32.46,"372","1,204","563","641",0.09%,"390","3"
-64.1912693028927,-31.4868760584956,371-ROCIO DEL SUR,ROCIO DEL SUR,6.19,"371",,,,,,
-64.2812790975783,-31.3681953277905,140-ROCIO,ROCIO,0,"140",,,,,,
-64.2784185085462,-31.3698979248223,140-ROCIO,ROCIO,0,"140",,,,,,
-64.2817631834011,-31.3664241822845,140-ROCIO,ROCIO,0,"140",,,,,,
-64.296330832545,-31.333982397703,370-RIVERA INDARTE,RIVERA INDARTE,107.86,"370","1,742","855","887",0.13%,"517","23"
-64.1487458501079,-31.432367391206,369-RIVADAVIA,RIVADAVIA,34.32,"369","3,105","1,443","1,662",0.23%,"1,064","25"
-64.2091247187554,-31.4488841804524,368-RESIDENCIAL VELEZ SARSFIELD,RESIDENCIAL VELEZ SARSFIELD,46.44,"368","3,161","1,509","1,652",0.24%,"1,013","6"
-64.2254447512096,-31.4663754728897,367-RESIDENCIAL SUD,RESIDENCIAL SUD,19.28,"367","947","431","516",0.07%,"282","5"
-64.2053354654748,-31.4776887498821,366-RESIDENCIAL SANTA ROSA,RESIDENCIAL SANTA ROSA,28.13,"366","2,741","1,375","1,366",0.21%,"713","43"
-64.2149551539217,-31.4238461538475,365-RESIDENCIAL SANTA ANA,RESIDENCIAL SANTA ANA,29.34,"365","1,547","734","813",0.12%,"474","13"
-64.2472947834154,-31.4270382314086,364-RESIDENCIAL SAN ROQUE,RESIDENCIAL SAN ROQUE,157.2,"364","13,559","6,686","6,873",1.02%,"3,398","501"
-64.1313841061964,-31.3688964311861,363-RESIDENCIAL SAN JORGE,RESIDENCIAL SAN JORGE,10.08,"363","1,120","549","571",0.08%,"292","36"
-64.12826343487,-31.3688158228595,363-RESIDENCIAL SAN JORGE,RESIDENCIAL SAN JORGE,10.08,"363","1,120","549","571",0.08%,"292","36"
-64.1657393867709,-31.4440185024215,362-RESIDENCIAL SAN CARLOS,RESIDENCIAL SAN CARLOS,43.73,"362","2,868","1,328","1,540",0.22%,"908","17"
-64.2106558663057,-31.4327587703916,361-RESIDENCIAL OLIVOS,RESIDENCIAL OLIVOS,20.32,"361","971","432","539",0.07%,"311","4"
-64.1307766978515,-31.3715261997823,360-RESIDENCIAL ARAGON,RESIDENCIAL ARAGON,13.57,"360","1,719","810","909",0.13%,"432","55"
-64.1618882993704,-31.3823716514569,359-RESIDENCIAL AMERICA,RESIDENCIAL AMERICA,84.71,"359","6,874","3,181","3,693",0.52%,"2,183","50"
-64.2625812057562,-31.3911227810288,358-RES CHATEAU CARRERAS CO VI CO,RES CHATEAU CARRERAS CO VI CO,4.29,"358","201","92","109",0.02%,"62","0"
-64.2361423987957,-31.4488242294769,357-RENE FAVALORO II,RENE FAVALORO II,16.42,"357","1,536","739","797",0.12%,"470","9"
-64.2319102857693,-31.4091999467218,356-RENE FAVALORO,RENE FAVALORO,10.6,"356","1,012","471","541",0.08%,"296","1"
-64.1212770221383,-31.4183241408712,355-RENACIMIENTO,RENACIMIENTO,26.45,"355","2,927","1,425","1,502",0.22%,"699","71"
-64.1869920177232,-31.3421300238043,354-REMEDIOS DE ESCALADA,REMEDIOS DE ESCALADA,244.32,"354","4,565","2,225","2,340",0.34%,"1,256","150"
-64.167325622174,-31.3123539634767,353-RECREO DEL NORTE,RECREO DEL NORTE,49.95,"353","2,032","1,033","999",0.15%,"487","61"
-64.1376703606332,-31.463692802931,352-RAMON J CARCANO,RAMON J CARCANO,149.54,"352","2,031","992","1,039",0.15%,"532","50"
-64.1306408255164,-31.3740431522688,351-QUINTAS DE SAN JORGE,QUINTAS DE SAN JORGE,9.47,"351","1,537","758","779",0.12%,"340","46"
-64.177191210219,-31.4979842970964,350-QUINTAS DE ITALIA,QUINTAS DE ITALIA,41.06,"350","436","228","208",0.03%,"115","3"
-64.1636669610672,-31.4894148301706,349-QUINTAS DE FLORES,QUINTAS DE FLORES,22.75,"349","194","94","100",0.01%,"44","0"
-64.2713056429599,-31.3400189964185,348-QUINTAS DE ARGUELLO,QUINTAS DE ARGUELLO,7.75,"348","649","322","327",0.05%,"205","2"
-64.2041555793476,-31.4116430526547,347-QUINTA SANTA ANA,QUINTA SANTA ANA,14.36,"347","648","300","348",0.05%,"242","0"
-64.2557636529928,-31.3911204679379,346-QUEBRADA DE LAS ROSAS,QUEBRADA DE LAS ROSAS,161.23,"346","4,842","2,350","2,492",0.36%,"1,503","20"
-64.2354259890449,-31.4102088438482,345-PUENTE BLANCO,PUENTE BLANCO,18.21,"345","1,157","549","608",0.09%,"354","14"
-64.2007718428186,-31.4007885482133,344-PROVIDENCIA,PROVIDENCIA,61.31,"344","4,998","2,301","2,697",0.38%,"1,856","148"
-64.2277644708514,-31.4262217020123,343-PRIMERA JUNTA,PRIMERA JUNTA,9.91,"343","783","372","411",0.06%,"253","3"
-64.1941605174631,-31.4798946482734,342-POSTA DE VARGAS,POSTA DE VARGAS,8.28,"342","719","350","369",0.05%,"171","5"
-64.2889913814107,-31.3439690435074,341-PORTAL DEL JACARANDA,PORTAL DEL JACARANDA,9.49,"341","183","87","96",0.01%,"54","2"
-64.1094454944293,-31.4442984208467,340-PORTAL DE CORDOBA,PORTAL DE CORDOBA,23.98,"340","2,234","1,056","1,178",0.17%,"535","20"
-64.2613138583502,-31.3161093319768,339-POLICIAL,POLICIAL,80.19,"339","4,680","2,327","2,353",0.35%,"1,212","156"
-64.2686123379366,-31.3149302930297,339-POLICIAL,POLICIAL,80.19,"339","4,680","2,327","2,353",0.35%,"1,212","156"
-64.1379006955884,-31.4365154316367,338-POLICARPIO CABRAL,POLICARPIO CABRAL,7.1,"338","517","233","284",0.04%,"157","5"
-64.2119307156898,-31.3609843553083,337-POETA LUGONES,POETA LUGONES,152.1,"337","7,839","3,731","4,108",0.59%,"2,591","14"
-64.1625623852958,-31.4828367695047,336-PIEDRAS BLANCAS,PIEDRAS BLANCAS,3.54,"336","41","18","23",0.00%,"16","0"
-64.144607787169,-31.366869744123,335-PATRICIOS OESTE,PATRICIOS OESTE,51.03,"335","5,211","2,565","2,646",0.39%,"1,370","114"
-64.1397902544819,-31.3665348992504,334-PATRICIOS NORTE,PATRICIOS NORTE,17.84,"334","1,790","854","936",0.13%,"485","39"
-64.1349339830755,-31.3664999296539,333-PATRICIOS ESTE,PATRICIOS ESTE,26.73,"333","2,550","1,238","1,312",0.19%,"653","51"
-64.1380411944225,-31.3756246362009,332-PATRICIOS,PATRICIOS,49.97,"332","4,731","2,263","2,468",0.36%,"1,400","67"
-64.1601858045219,-31.4090264654307,331-PATRIA,PATRIA,24.75,"331","1,790","789","1,001",0.13%,"640","5"
-64.203280297451,-31.4159538702898,330-PASO DE LOS ANDES,PASO DE LOS ANDES,38.28,"330","2,529","1,160","1,369",0.19%,"902","25"
-64.2040025565823,-31.4411595485323,329-PARQUE VELEZ SARSFIELD,PARQUE VELEZ SARSFIELD,65.15,"329","3,045","1,414","1,631",0.23%,"1,004","8"
-64.2312408178758,-31.3871781770563,328-PARQUE TABLADA,PARQUE TABLADA,23.75,"328","981","456","525",0.07%,"323","1"
-64.1789078506441,-31.4328801293591,0-PARQUE SARMIENTO,PARQUE SARMIENTO,0,"0",,,,,,
-64.1373491487954,-31.4249959692642,327-PARQUE SAN VICENTE,PARQUE SAN VICENTE,18.37,"327","1,327","622","705",0.10%,"451","3"
-64.1599280417188,-31.4494274723584,326-PARQUE SAN CARLOS,PARQUE SAN CARLOS,9.68,"326","749","362","387",0.06%,"231","2"
-64.258582064065,-31.4161294813208,325-PARQUE REPUBLICA,PARQUE REPUBLICA,98.42,"325","7,412","3,660","3,752",0.56%,"1,861","201"
-64.1399659927481,-31.3886256093823,324-PARQUE MONTECRISTO,PARQUE MONTECRISTO,19.43,"324","1,554","731","823",0.12%,"466","6"
-64.2510241394099,-31.3647142739498,323-PARQUE MODELO,PARQUE MODELO,10.78,"323","259","118","141",0.02%,"82","0"
-64.2008967897547,-31.4561025121088,322-PARQUE LOS MOLINOS,PARQUE LOS MOLINOS,15.99,"322","864","415","449",0.06%,"264","6"
-64.1513432642662,-31.3552182265341,321-PARQUE LICEO SECCION 3,PARQUE LICEO SECCION 3,85.56,"321","5,593","2,869","2,724",0.42%,"1,426","164"
-64.1620118927709,-31.3556278869882,320-PARQUE LICEO SECCION 2,PARQUE LICEO SECCION 2,96,"320","7,826","3,771","4,055",0.59%,"2,013","157"
-64.1625303442315,-31.3497061993402,319-PARQUE LICEO SECCION 1,PARQUE LICEO SECCION 1,255.01,"319","3,693","1,801","1,892",0.28%,"1,108","58"
-64.2124548233494,-31.4596532315616,318-PARQUE LATINO,PARQUE LATINO,31.64,"318","1,306","641","665",0.10%,"432","4"
-64.180513219248,-31.350399915226,317-PARQUE JORGE NEWBERY,PARQUE JORGE NEWBERY,46.98,"317","2,909","1,369","1,540",0.22%,"913","16"
-64.2529899700877,-31.488906450635,316-PARQUE FUTURA,PARQUE FUTURA,112.92,"316","2,851","1,402","1,449",0.21%,"703","68"
-64.272025814382,-31.3884319827078,315-PARQUE DON BOSCO,PARQUE DON BOSCO,66.62,"315","4,691","2,222","2,469",0.35%,"1,385","24"
-64.1455089911964,-31.4051586405003,314-PARQUE DEL ESTE,PARQUE DEL ESTE,80.04,"314","679","334","345",0.05%,"180","24"
-64.2261000948677,-31.4442273592752,0-PARQUE DE LA VIDA,PARQUE DE LA VIDA,0,"0",,,,,,
-64.2671597598804,-31.4035479069876,313-PARQUE DE LA VEGA III,PARQUE DE LA VEGA III,22.11,"313","596","287","309",0.04%,"180","1"
-64.2612520517313,-31.4086410569058,312-PARQUE DE LA VEGA II,PARQUE DE LA VEGA II,25.41,"312","596","284","312",0.04%,"155","22"
-64.228319679797,-31.367945597451,311-PARQUE COREMA,PARQUE COREMA,14.06,"311","584","273","311",0.04%,"220","1"
-64.2627749398238,-31.3701408593402,310-PARQUE CHATEAU CARRERAS,PARQUE CHATEAU CARRERAS,265.81,"310","28","15","13",0.00%,"7","1"
-64.2667138897012,-31.3550987341632,310-PARQUE CHATEAU CARRERAS,PARQUE CHATEAU CARRERAS,265.81,"310","28","15","13",0.00%,"7","1"
-64.2116422926307,-31.382522710674,309-PARQUE CHACABUCO,PARQUE CHACABUCO,28.34,"309","1,164","562","602",0.09%,"388","1"
-64.2171490791533,-31.4426782072545,308-PARQUE CAPITAL SUD,PARQUE CAPITAL SUD,28.23,"308","1,443","688","755",0.11%,"442","2"
-64.2159341822764,-31.4351614511823,307-PARQUE CAPITAL,PARQUE CAPITAL,71.95,"307","3,972","1,901","2,071",0.30%,"1,272","6"
-64.2100439245679,-31.4538400218945,306-PARQUE ATLANTICA,PARQUE ATLANTICA,33.22,"306","2,249","1,036","1,213",0.17%,"734","17"
-64.1842467716332,-31.4667304669222,305-PARQUE ALAMEDA,PARQUE ALAMEDA,22.73,"305","656","320","336",0.05%,"195","3"
-64.1799531562142,-31.3728037015138,304-PANAMERICANO,PANAMERICANO,56.91,"304","3,346","1,542","1,804",0.25%,"1,072","26"
-64.2308945622633,-31.3514066893432,303-PALMAS DEL CLARET,PALMAS DEL CLARET,5.32,"303","623","284","339",0.05%,"211","0"
-64.1246701968207,-31.3899757721453,302-PALMAR,PALMAR,23.61,"302","1,025","523","502",0.08%,"283","10"
-64.2246185527337,-31.3869413360447,301-PALERMO BAJO,PALERMO BAJO,37.1,"301","1,909","867","1,042",0.14%,"666","3"
-64.237238422406,-31.3544915100643,300-PADRE CLARET,PADRE CLARET,31.78,"300","871","425","446",0.07%,"256","0"
-64.15824125761,-31.4599043773051,299-OSN,OSN,13.66,"299","1,993","941","1,052",0.15%,"575","8"
-64.1653991848349,-31.4492916492839,298-ONA,ONA,22.43,"298","1,333","646","687",0.10%,"405","9"
-64.21753693663,-31.3893202773862,297-OMBU,OMBU,28.59,"297","1,681","764","917",0.13%,"567","5"
-64.2028823470864,-31.4231361956293,296-OBSERVATORIO,OBSERVATORIO,80.64,"296","6,616","3,135","3,481",0.50%,"2,360","128"
-64.2122200883557,-31.4134335064709,295-OBRERO,OBRERO,28.94,"295","2,481","1,149","1,332",0.19%,"919","13"
-64.2674905686599,-31.3828475471979,294-NUEVO URCA,NUEVO URCA,22.8,"294","104","48","56",0.01%,"36","0"
-64.1452722218278,-31.3859550300777,293-NUEVA ITALIA,NUEVA ITALIA,43.51,"293","3,347","1,593","1,754",0.25%,"988","54"
-64.164017889066,-31.4363481826837,292-NUEVA CORDOBA ANEXA,NUEVA CORDOBA ANEXA,19.46,"292","1,582","750","832",0.12%,"500","6"
-64.186098312365,-31.426755004302,291-NUEVA CORDOBA,NUEVA CORDOBA,123.77,"291","37,055","16,304","20,751",2.79%,"20,811","245"
-64.2062959925261,-31.5015622563288,290-NUESTRO HOGAR III,NUESTRO HOGAR III,63.28,"290","5,570","2,798","2,772",0.42%,"1,394","305"
-64.1933487549502,-31.5002671717633,290-NUESTRO HOGAR III,NUESTRO HOGAR III,63.28,"290","5,570","2,798","2,772",0.42%,"1,394","305"
-64.0982253407013,-31.387682870044,289-NUESTRO HOGAR II,NUESTRO HOGAR II,12.91,"289","861","430","431",0.06%,"209","33"
-64.1489809392811,-31.4713698368511,288-NUESTRO HOGAR I,NUESTRO HOGAR I,6.82,"288","595","296","299",0.04%,"157","18"
-64.1037099479582,-31.4623154748996,287-NICOLAS AVELLANEDA,NICOLAS AVELLANEDA,16.51,"287","1,782","879","903",0.13%,"492","16"
-64.2241300612357,-31.4569004597575,286-MUTUAL DE LOS DOCENTES,MUTUAL DE LOS DOCENTES,19.55,"286","729","351","378",0.05%,"205","1"
-64.2058443325684,-31.4736776999547,285-MIRIZZI,MIRIZZI,23.61,"285","693","346","347",0.05%,"163","17"
-64.1122227442397,-31.4244364501647,284-MIRALTA,MIRALTA,33.81,"284","3,528","1,755","1,773",0.27%,"889","145"
-64.260224253225,-31.3799567679798,283-MIRADOR DEL CHATEAU,MIRADOR DEL CHATEAU,49.78,"283","377","199","178",0.03%,"144","0"
-64.2647550870844,-31.3902715362893,283-MIRADOR DEL CHATEAU,MIRADOR DEL CHATEAU,49.78,"283","377","199","178",0.03%,"144","0"
-64.1385804949468,-31.4289133054055,282-MIRADOR,MIRADOR,31.35,"282","3,164","1,486","1,678",0.24%,"956","107"
-64.2718381204991,-31.3961038343019,281-MILITAR GENERAL DEHEZA,MILITAR GENERAL DEHEZA,37.4,"281","825","413","412",0.06%,"198","2"
-64.2587038912171,-31.3183526871751,280-MERCANTIL,MERCANTIL,8.8,"280","723","349","374",0.05%,"214","3"
-64.2081597810474,-31.4274174705639,279-MAURIZI,MAURIZI,11.17,"279","756","357","399",0.06%,"255","11"
-64.1388534120657,-31.4147746684517,278-MAULLER,MAULLER,83.71,"278","5,734","2,759","2,975",0.43%,"1,593","125"
-64.1957122787195,-31.3632265199259,277-MARQUES DE SOBREMONTE,MARQUES DE SOBREMONTE,269.74,"277","12,304","5,836","6,468",0.93%,"3,770","170"
-64.1923436318616,-31.3740313531852,277-MARQUES DE SOBREMONTE,MARQUES DE SOBREMONTE,269.74,"277","12,304","5,836","6,468",0.93%,"3,770","170"
-64.1928078297263,-31.369436667034,276-MARQUES ANEXO,MARQUES ANEXO,61.07,"276","5,239","2,495","2,744",0.39%,"1,352","115"
-64.1904175087366,-31.3734349151453,276-MARQUES ANEXO,MARQUES ANEXO,61.07,"276","5,239","2,495","2,744",0.39%,"1,352","115"
-64.1856708289333,-31.3660728145572,275-MARIANO FRAGUEIRO,MARIANO FRAGUEIRO,29.16,"275","3,630","1,780","1,850",0.27%,"963","89"
-64.2215931493569,-31.4336980595615,274-MARIANO BALCARCE,MARIANO BALCARCE,21.82,"274","1,994","933","1,061",0.15%,"656","10"
-64.1819207021647,-31.3266603545532,273-MARIA LASTENIA,MARIA LASTENIA,229.31,"273","451","233","218",0.03%,"117","11"
-64.2142652519137,-31.3955292239017,272-MARECHAL,MARECHAL,41.39,"272","3,557","1,669","1,888",0.27%,"1,077","61"
-64.149863964445,-31.4451190053854,271-MARCOS SASTRE,MARCOS SASTRE,16.81,"271","1,104","549","555",0.08%,"281","18"
-64.1718542573729,-31.3680411492782,270-MARCELO T DE ALVEAR,MARCELO T DE ALVEAR,27.52,"270","2,748","1,310","1,438",0.21%,"751","48"
-64.2275132126212,-31.4501755442947,484-MANANTIALES I-MANANTIALES II,MANANTIALES I-MANANTIALES II,16.14,"484","28","14","14",0.00%,"6","0"
-64.127450781327,-31.412245483126,269-MALDONADO,MALDONADO,187.6,"269","8,018","3,979","4,039",0.60%,"1,873","359"
-64.159805647332,-31.4296995173019,268-MAIPU SECCION 2,MAIPU SECCION 2,36.5,"268","2,283","1,026","1,257",0.17%,"764","8"
-64.1595471854071,-31.4361764058547,267-MAIPU SECCION 1,MAIPU SECCION 1,26.56,"267","2,022","925","1,097",0.15%,"679","7"
-64.2559838632293,-31.3316515562663,266-LOURDES,LOURDES,13.06,"266","1,413","695","718",0.11%,"318","50"
-64.2832690939214,-31.3604453595515,140-LOS SUENOS,LOS SUENOS,0,"140",,,,,,
-64.2793737164161,-31.373202223043,140-LOS SOLES,LOS SOLES,0,"140",,,,,,
-64.2780249136265,-31.370989607522,140-LOS SOLES,LOS SOLES,0,"140",,,,,,
-64.2780474888555,-31.3754911509533,140-LOS SOLES,LOS SOLES,0,"140",,,,,,
-64.2788786586861,-31.3759616875684,140-LOS SOLES,LOS SOLES,0,"140",,,,,,
-64.2788416219486,-31.3704267097399,140-LOS SOLES,LOS SOLES,0,"140",,,,,,
-64.0988703018824,-31.4611868550392,265-LOS SAUCES,LOS SAUCES,20.57,"265","1,635","793","842",0.12%,"469","22"
-64.2649086322231,-31.4010362677022,264-LOS ROBLES,LOS ROBLES,56.68,"264","3,479","1,683","1,796",0.26%,"958","144"
-64.2307130188136,-31.4222080751586,263-LOS PLATANOS,LOS PLATANOS,91.75,"263","7,003","3,283","3,720",0.53%,"2,166","58"
-64.1410319653281,-31.3936669516838,262-LOS PINOS,LOS PINOS,15.87,"262","1,901","906","995",0.14%,"532","21"
-64.1946480503973,-31.3830882690084,261-LOS PARAISOS,LOS PARAISOS,48.26,"261","5,079","2,329","2,750",0.38%,"1,638","40"
-64.2168392937812,-31.4672871052866,260-LOS OLMOS SUD,LOS OLMOS SUD,41.57,"260","1,243","639","604",0.09%,"318","24"
-64.2140631455711,-31.4635134756606,260-LOS OLMOS SUD,LOS OLMOS SUD,41.57,"260","1,243","639","604",0.09%,"318","24"
-64.2172530936535,-31.4597965821554,259-LOS OLMOS,LOS OLMOS,35.91,"259","1,859","919","940",0.14%,"541","21"
-64.226563138602,-31.4296647566055,258-LOS NARANJOS,LOS NARANJOS,24.91,"258","1,615","745","870",0.12%,"561","7"
-64.1238803796894,-31.4142006207762,257-LOS JOSEFINOS,LOS JOSEFINOS,4.79,"257","371","174","197",0.03%,"100","9"
-64.2364547163467,-31.4171979227171,256-LOS JACARANDAES,LOS JACARANDAES,15.26,"256","1,305","655","650",0.10%,"319","70"
-64.1720953360985,-31.3409132203449,255-LOS HORNILLOS,LOS HORNILLOS,4.81,"255","726","349","377",0.05%,"174","20"
-64.2369958390385,-31.4233609670665,254-LOS GRANADOS,LOS GRANADOS,45.45,"254","3,435","1,633","1,802",0.26%,"917","41"
-64.1695064760401,-31.3626362226789,253-LOS GIGANTES,LOS GIGANTES,72.5,"253","4,442","2,140","2,302",0.33%,"1,249","49"
-64.0815785370936,-31.4709007424932,252-LOS FRESNOS,LOS FRESNOS,14.31,"252","1,067","523","544",0.08%,"246","38"
-64.2484968686162,-31.4133081279979,251-LOS FILTROS,LOS FILTROS,19.59,"251","852","440","412",0.06%,"198","32"
-64.0885166553114,-31.4678374607454,250-LOS EUCALIPTUS,LOS EUCALIPTUS,20.33,"250","1,741","878","863",0.13%,"480","15"
-64.2842798748033,-31.372525499707,140-LOS CIELOS,LOS CIELOS,0,"140",,,,,,
-64.2815302209989,-31.3702583651836,140-LOS CIELOS,LOS CIELOS,0,"140",,,,,,
-64.2826860183185,-31.3693809556866,140-LOS CIELOS,LOS CIELOS,0,"140",,,,,,
-64.2837240187445,-31.3693122909007,140-LOS CIELOS,LOS CIELOS,0,"140",,,,,,
-64.2810685482364,-31.3759525362076,140-LOS CIELOS,LOS CIELOS,0,"140",,,,,,
-64.169066378749,-31.340792625602,249-LOS CHINGOLOS,LOS CHINGOLOS,23.04,"249","1,944","951","993",0.15%,"473","42"
-64.1480959893981,-31.429311789068,248-LOS CEIBOS,LOS CEIBOS,11.68,"248","826","383","443",0.06%,"249","7"
-64.2192643585421,-31.3451594663769,247-LOS BOULEVARES,LOS BOULEVARES,1027.03,"247","12,277","6,043","6,234",0.92%,"3,480","218"
-64.2847366879914,-31.3663128297877,140-LOS ARBOLES,LOS ARBOLES,0,"140",,,,,,
-64.2370170092703,-31.359507855743,246-LOS ANGELES,LOS ANGELES,23.07,"246","766","349","417",0.06%,"282","0"
-64.1569101282328,-31.3678133678231,245-LOS ALAMOS,LOS ALAMOS,20.17,"245","1,964","962","1,002",0.15%,"518","33"
-64.2059476982937,-31.3825174083115,244-LOMAS DE SAN MARTIN,LOMAS DE SAN MARTIN,25.83,"244","1,734","811","923",0.13%,"560","3"
-64.1667020824379,-31.3355758005306,243-LICEO GENERAL PAZ,LICEO GENERAL PAZ,134.03,"243","628","306","322",0.05%,"165","14"
-64.2503950304475,-31.4093312889146,242-LAS VIOLETAS,LAS VIOLETAS,27.97,"242","3,243","1,617","1,626",0.24%,"834","98"
-64.2281073274152,-31.391393991088,241-LAS ROSAS,LAS ROSAS,31.35,"241","877","410","467",0.07%,"346","1"
-64.247489470892,-31.439564782513,240-LAS PLAYAS,LAS PLAYAS,31.33,"240","2,869","1,421","1,448",0.22%,"798","49"
-64.2397007234111,-31.4128592856954,239-LAS PALMAS ANEXO,LAS PALMAS ANEXO,11.57,"239","864","417","447",0.06%,"230","3"
-64.2392888497874,-31.4039268357349,238-LAS PALMAS,LAS PALMAS,105.46,"238","6,142","2,882","3,260",0.46%,"1,993","57"
-64.2099396727188,-31.3784736934929,237-LAS MARGARITAS,LAS MARGARITAS,29.48,"237","2,032","935","1,097",0.15%,"644","19"
-64.2102388700929,-31.3678491335932,236-LAS MAGNOLIAS,LAS MAGNOLIAS,33.5,"236","2,459","1,152","1,307",0.18%,"767","25"
-64.1319168615125,-31.4453296898999,235-LAS LILAS,LAS LILAS,61.11,"235","2,237","1,078","1,159",0.17%,"550","56"
-64.196333901865,-31.4711647618496,234-LAS HUERTILLAS,LAS HUERTILLAS,102.4,"234","1,133","582","551",0.09%,"278","27"
-64.1971927194197,-31.4500092193326,233-LAS FLORES,LAS FLORES,70.97,"233","4,037","1,923","2,114",0.30%,"1,284","39"
-64.2372977684071,-31.4096984739965,232-LAS DALIAS,LAS DALIAS,7.7,"232","649","305","344",0.05%,"181","7"
-64.229590962207,-31.3315892531035,231-LAS CORTADERAS,LAS CORTADERAS,4.31,"231","461","237","224",0.03%,"116","18"
-64.1545963596112,-31.475993631789,230-LAS CANUELAS,LAS CANUELAS,63.92,"230","30","12","18",0.00%,"7","0"
-64.1891322142882,-31.4650784096084,229-LAS CANITAS,LAS CANITAS,10.14,"229","203","105","98",0.02%,"57","0"
-64.2345600721848,-31.4142542254104,228-LAMADRID,LAMADRID,28.44,"228","2,346","1,157","1,189",0.18%,"666","32"
-64.2618449754138,-31.4051127349579,227-LA TOMA,LA TOMA,14.04,"227","232","125","107",0.02%,"59","18"
-64.275515246264,-31.3454778183915,226-LA SALLE,LA SALLE,15.28,"226","707","327","380",0.05%,"210","3"
-64.1399484740113,-31.3843979505714,225-LA HORTENSIA,LA HORTENSIA,30.34,"225","1,423","679","744",0.11%,"371","29"
-64.1839607417547,-31.3768577788271,224-LA FRATERNIDAD,LA FRATERNIDAD,5.59,"224","314","159","155",0.02%,"88","5"
-64.2085938676132,-31.373065947038,223-LA FRANCE,LA FRANCE,30.09,"223","3,218","1,490","1,728",0.24%,"1,016","30"
-64.0584290695021,-31.3892085271405,222-LA FLORESTA,LA FLORESTA,125.78,"222","1,590","787","803",0.12%,"366","72"
-64.2421336446981,-31.4838140058101,221-LA ESPERANZA,LA ESPERANZA,3.43,"221","306","138","168",0.02%,"76","1"
-64.1116311003492,-31.3788286307828,220-LA DOROTEA,LA DOROTEA,5.57,"220","526","251","275",0.04%,"122","16"
-64.2862020234934,-31.352759985372,219-LA CAROLINA,LA CAROLINA,81.32,"219","700","357","343",0.05%,"184","0"
-64.1911071520722,-31.4580417689364,218-KENNEDY,KENNEDY,10.51,"218","1,074","517","557",0.08%,"326","8"
-64.2497173104398,-31.4826802195118,217-KAIROS,KAIROS,5.98,"217","826","412","414",0.06%,"182","23"
-64.1653082078352,-31.4192717920482,216-JUNIORS,JUNIORS,92.81,"216","6,521","2,969","3,552",0.49%,"2,409","19"
-64.224871196559,-31.4205156024717,215-JUAN XXIII,JUAN XXIII,12.76,"215","977","454","523",0.07%,"308","2"
-64.1815511893765,-31.3596644034487,214-JUAN B JUSTO,JUAN B JUSTO,44.12,"214","3,088","1,517","1,571",0.23%,"813","24"
-64.1261497485514,-31.452389503666,213-JOSE IGNACIO DIAZ SECCION 3,JOSE IGNACIO DIAZ SECCION 3,275.23,"213","5,938","2,914","3,024",0.45%,"1,503","237"
-64.138399714924,-31.4503699987394,213-JOSE IGNACIO DIAZ SECCION 3,JOSE IGNACIO DIAZ SECCION 3,275.23,"213","5,938","2,914","3,024",0.45%,"1,503","237"
-64.1454220109331,-31.445119854089,212-JOSE IGNACIO DIAZ SECCION 2,JOSE IGNACIO DIAZ SECCION 2,37.39,"212","2,204","1,070","1,134",0.17%,"598","52"
-64.1379279859404,-31.4434066051212,211-JOSE IGNACIO DIAZ SECCION 1,JOSE IGNACIO DIAZ SECCION 1,55.4,"211","4,483","2,148","2,335",0.34%,"1,196","86"
-64.1294432268321,-31.4609802081608,209-JOSE I RUCCI,JOSE I RUCCI,0.7,"209","126","57","69",0.01%,"40","0"
-64.1570348359065,-31.4442248820361,208-JOSE HERNANDEZ,JOSE HERNANDEZ,33.67,"208","3,233","1,536","1,697",0.24%,"951","44"
-64.1821573996606,-31.4545228100946,207-JOCKEY CLUB,JOCKEY CLUB,71.58,"207","258","132","126",0.02%,"73","0"
-64.1761550148195,-31.4524964486961,207-JOCKEY CLUB,JOCKEY CLUB,71.58,"207","258","132","126",0.02%,"73","0"
-64.1807124328715,-31.3551965260863,206-JERONIMO LUIS DE CABRERA,JERONIMO LUIS DE CABRERA,23.78,"206","1,636","802","834",0.12%,"464","24"
-64.1844614138145,-31.3566630272747,206-JERONIMO LUIS DE CABRERA,JERONIMO LUIS DE CABRERA,23.78,"206","1,636","802","834",0.12%,"464","24"
-64.1762033277934,-31.4545213844294,205-JARDINES DEL JOCKEY,JARDINES DEL JOCKEY,19.17,"205","516","256","260",0.04%,"130","1"
-64.187033682367,-31.4597011408406,204-JARDIN HIPODROMO,JARDIN HIPODROMO,20.78,"204","1,094","533","561",0.08%,"322","14"
-64.194573944786,-31.4581473241076,204-JARDIN HIPODROMO,JARDIN HIPODROMO,20.78,"204","1,094","533","561",0.08%,"322","14"
-64.1712567263831,-31.4534509945975,203-JARDIN ESPINOSA,JARDIN ESPINOSA,48.42,"203","1,515","681","834",0.11%,"485","3"
-64.1645849897324,-31.4560504721943,202-JARDIN DEL SUD,JARDIN DEL SUD,40.38,"202","1,482","696","786",0.11%,"451","3"
-64.1528930609459,-31.4441158992776,201-JARDIN DEL PILAR,JARDIN DEL PILAR,32.53,"201","2,131","1,003","1,128",0.16%,"633","37"
-64.2295895723668,-31.3481294929873,200-JARDIN DEL CLARET,JARDIN DEL CLARET,18.32,"200","418","204","214",0.03%,"136","1"
-64.1817052357987,-31.4463256163336,199-JARDIN,JARDIN,93.97,"199","6,841","3,206","3,635",0.51%,"2,621","45"
-64.087896921299,-31.4748343925178,198-ITUZAINGO II,ITUZAINGO II,121.78,"198","1,553","768","785",0.12%,"394","42"
-64.0829019327012,-31.4636925992066,197-ITUZAINGO ANEXO,ITUZAINGO ANEXO,93.23,"197","6,081","2,947","3,134",0.46%,"1,583","138"
-64.0971483618541,-31.4647362980865,196-ITUZAINGO,ITUZAINGO,46.71,"196","3,192","1,523","1,669",0.24%,"933","18"
-64.2025406690525,-31.4591661313717,195-IRUPE,IRUPE,13.78,"195","523","251","272",0.04%,"159","10"
-64.1641697119285,-31.367137751667,194-IPV ANEXO LOS GIGANTES,IPV ANEXO LOS GIGANTES,26.78,"194","2,620","1,265","1,355",0.20%,"707","18"
-64.1623769757828,-31.3625975779066,194-IPV ANEXO LOS GIGANTES,IPV ANEXO LOS GIGANTES,26.78,"194","2,620","1,265","1,355",0.20%,"707","18"
-64.1883722304098,-31.4447612065343,193-IPONA,IPONA,12.65,"193","982","475","507",0.07%,"402","8"
-64.2665553929106,-31.4093022069007,192-INDUSTRIAL OESTE,INDUSTRIAL OESTE,26.82,"192","1,621","778","843",0.12%,"473","14"
-64.1642099648801,-31.4295150677245,191-INDUSTRIAL ESTE,INDUSTRIAL ESTE,17.08,"191","1,153","513","640",0.09%,"386","1"
-64.1901515777845,-31.4011747261759,190-INDEPENDENCIA,INDEPENDENCIA,11.84,"190","813","390","423",0.06%,"294","7"
-64.1942870194643,-31.4764448201221,189-INAUDI,INAUDI,29.79,"189","1,662","773","889",0.12%,"459","4"
-64.2065221911296,-31.458659818397,188-HORIZONTE,HORIZONTE,28.58,"188","2,016","999","1,017",0.15%,"641","11"
-64.1862965749199,-31.3728101396738,186-HIPOLITO IRIGOYEN,HIPOLITO IRIGOYEN,28.97,"186","3,313","1,606","1,707",0.25%,"893","83"
-64.1831340646197,-31.335667108704,185-GUINAZU SUD,GUINAZU SUD,4.02,"185","164","75","89",0.01%,"41","3"
-64.1732935256594,-31.3122463444352,184-GUINAZU,GUINAZU,34.01,"184","1,361","650","711",0.10%,"373","41"
-64.1936790393253,-31.4281317736306,182-GUEMES,GUEMES,118.25,"182","11,588","5,476","6,112",0.87%,"5,333","428"
-64.1550652774413,-31.382844844148,181-GUAYAQUIL,GUAYAQUIL,7.8,"181","587","275","312",0.04%,"196","0"
-64.2925498765201,-31.3932530580866,180-GUARNICION MILITAR CORDOBA,GUARNICION MILITAR CORDOBA,2479.34,"180","268","142","126",0.02%,"66","0"
-64.2815434253756,-31.4437692781579,179-GUARNICION AEREA CORDOBA,GUARNICION AEREA CORDOBA,1096.98,"179",,,,,,
-64.2445719762199,-31.349164455122,178-GRANJA DE FUNES,GRANJA DE FUNES,109.8,"178","3,866","1,821","2,045",0.29%,"1,228","27"
-64.1976083748721,-31.3755515882091,177-GRANADERO PRINGLES,GRANADERO PRINGLES,19.06,"177","2,209","1,036","1,173",0.17%,"628","16"
-64.1580891610321,-31.371992117919,176-GENERAL SAVIO,GENERAL SAVIO,31.47,"176","4,889","2,409","2,480",0.37%,"1,309","313"
-64.1624596839047,-31.4020774327923,175-GENERAL PUEYRREDON,GENERAL PUEYRREDON,315.99,"175","24,021","11,244","12,777",1.81%,"7,938","561"
-64.1656906995031,-31.4125574874454,174-GENERAL PAZ,GENERAL PAZ,113.1,"174","9,524","4,287","5,237",0.72%,"4,209","107"
-64.1504410565656,-31.3651885926033,173-GENERAL MOSCONI,GENERAL MOSCONI,29.94,"173","3,324","1,620","1,704",0.25%,"851","110"
-64.1696498558799,-31.3903336123251,172-GENERAL BUSTOS,GENERAL BUSTOS,173.56,"172","15,659","7,368","8,291",1.18%,"4,933","243"
-64.1372878299525,-31.3704293934515,171-GENERAL BELGRANO,GENERAL BELGRANO,28.82,"171","3,154","1,496","1,658",0.24%,"890","30"
-64.1996215023561,-31.4615195852108,170-GENERAL ARTIGAS,GENERAL ARTIGAS,33.61,"170","1,552","744","808",0.12%,"471","8"
-64.0602371117818,-31.3687802681924,169-GENERAL ARENALES,GENERAL ARENALES,36.73,"169","2,318","1,145","1,173",0.17%,"622","60"
-64.1572739805666,-31.4867716545205,168-FINCAS DEL SUR,FINCAS DEL SUR,59.44,"168","490","229","261",0.04%,"119","0"
-64.1151406917793,-31.3764290500034,167-FINCA LA DOROTEA,FINCA LA DOROTEA,14.61,"167","273","137","136",0.02%,"72","10"
-64.136352474103,-31.4334514626288,166-FERROVIARIO MITRE,FERROVIARIO MITRE,18.26,"166","1,133","504","629",0.09%,"350","42"
-64.1175953235484,-31.4710619707259,165-FERREYRA SEGUNDA SECCION,FERREYRA SEGUNDA SECCION,10.45,"165","939","458","481",0.07%,"215","32"
-64.1106089877883,-31.4663540173135,164-FERREYRA,FERREYRA,88.67,"164","3,868","1,906","1,962",0.29%,"1,029","101"
-64.2117812947588,-31.4437749243189,163-FERRER,FERRER,20.96,"163","1,844","880","964",0.14%,"462","139"
-64.2556701915654,-31.3702867943909,0-FERIAR,FERIAR,0,"0",,,,,,
-64.2467689606442,-31.3678801343148,0-ESTADIO CORDOBA,ESTADIO CORDOBA,0,"0",,,,,,
-64.2475078934286,-31.4487314083608,162-ESTACION FLORES,ESTACION FLORES,70.23,"162","3,876","1,954","1,922",0.29%,"1,024","124"
-64.2575368439051,-31.4272175434882,0-ESCUELA DE SUBOFICIALES,ESCUELA DE SUBOFICIALES,0,"0",,,,,,
-64.2206422574801,-31.3918891605182,161-ESCOBAR,ESCOBAR,43.59,"161","2,180","991","1,189",0.16%,"733","7"
-64.1251666065268,-31.4387401458057,160-EMPALME CASAS DE OBREROS Y EMPLEADOS,EMPALME CASAS DE OBREROS Y EMPLEADOS,18.44,"160","1,233","576","657",0.09%,"375","13"
-64.130487667635,-31.4345112094775,159-EMPALME,EMPALME,62.58,"159","3,426","1,615","1,811",0.26%,"1,140","12"
-64.1430479576708,-31.4371264001266,158-EMAUS,EMAUS,1.56,"158","219","98","121",0.02%,"64","1"
-64.1658119554321,-31.5024363493638,157-EL VIEJO ALGARROBO,EL VIEJO ALGARROBO,23.68,"157","324","173","151",0.02%,"83","4"
-64.2255537451732,-31.4230857776258,156-EL TREBOL,EL TREBOL,17.3,"156","1,264","613","651",0.10%,"412","6"
-64.2818199937408,-31.3442649511605,155-EL REFUGIO,EL REFUGIO,31.65,"155","1,201","576","625",0.09%,"334","2"
-64.1377151621983,-31.4773371547605,154-EL QUEBRACHO,EL QUEBRACHO,75.72,"154","4,361","2,183","2,178",0.33%,"1,017","136"
-64.0666753385544,-31.3380076521557,153-EL QUEBRACHAL,EL QUEBRACHAL,197.87,"153","150","78","72",0.01%,"43","5"
-64.2568328545741,-31.4064405446942,152-EL PUEBLITO,EL PUEBLITO,39.54,"152","1,315","662","653",0.10%,"332","124"
-64.2703111858803,-31.375753313966,0-EL PRADO,EL PRADO,0,"0",,,,,,
-64.2502548066828,-31.3221687252868,151-EL CERRITO,EL CERRITO,70.31,"151","3,659","1,796","1,863",0.28%,"920","105"
-64.2351105437776,-31.4859068227125,150-EL CABILDO,EL CABILDO,54.61,"150","5,049","2,491","2,558",0.38%,"1,331","88"
-64.307387518257,-31.3380384713002,149-EL BOSQUE,EL BOSQUE,172.97,"149","1,590","777","813",0.12%,"407","6"
-64.2747796532456,-31.3747201959085,140-EL BALCON,EL BALCON,0,"140",,,,,,
-64.1961913422897,-31.447568948723,148-EJERCITO ARGENTINO,EJERCITO ARGENTINO,14.64,"148","1,845","848","997",0.14%,"624","8"
-64.1908855434012,-31.404888252086,147-DUCASSE,DUCASSE,17.23,"147","936","472","464",0.07%,"389","32"
-64.2944936477692,-31.3563236095696,0-DIPAS,DIPAS,0,"0",,,,,,
-64.1178957921271,-31.4458597071522,146-DEAN FUNES,DEAN FUNES,74.05,"146","2,124","1,027","1,097",0.16%,"682","22"
-64.2668138957885,-31.3204288535283,144-DE LOS BIOQUIMICOS,DE LOS BIOQUIMICOS,16.63,"144","1,265","624","641",0.10%,"348","25"
-64.2076951619414,-31.4214735888533,143-CUPANI,CUPANI,19.32,"143","2,255","1,065","1,190",0.17%,"674","32"
-64.1674254311003,-31.4349582821362,142-CRISOL SUD,CRISOL SUD,51.82,"142","3,336","1,559","1,777",0.25%,"1,124","10"
-64.167176368668,-31.428051362204,141-CRISOL NORTE,CRISOL NORTE,24.4,"141","1,224","568","656",0.09%,"541","5"
-64.2748861783907,-31.3668847976366,140-COUNTRY VALLE ESCONDIDO,COUNTRY VALLE ESCONDIDO,537.8,"140","3,330","1,607","1,723",0.25%,"909","4"
-64.2863420457633,-31.3633024592372,140-COUNTRY VALLE ESCONDIDO,COUNTRY VALLE ESCONDIDO,537.8,"140","3,330","1,607","1,723",0.25%,"909","4"
-64.2191810889962,-31.4527198034093,139-COUNTRY RANCH CLUB,COUNTRY RANCH CLUB,6.2,"139","13","12","1",0.00%,"2","0"
-64.1839627867177,-31.4933845474551,138-COUNTRY LOS MIMBRES,COUNTRY LOS MIMBRES,17.56,"138","93","49","44",0.01%,"25","0"
-64.2406895217807,-31.4833510004042,137-COUNTRY LOS ALGARROBOS,COUNTRY LOS ALGARROBOS,8.73,"137","180","89","91",0.01%,"45","0"
-64.3056209170965,-31.3556553169784,136-COUNTRY LOMAS DE LA CAROLINA,COUNTRY LOMAS DE LA CAROLINA,144.31,"136","1,572","762","810",0.12%,"383","0"
-64.2994579008155,-31.3619352535703,135-COUNTRY LAS DELICIAS,COUNTRY LAS DELICIAS,132.7,"135","776","347","429",0.06%,"213","2"
-64.1736761204654,-31.4773649782027,134-COUNTRY LA SANTINA - COUNTRY CAMPINA DEL SUR,COUNTRY LA SANTINA - COUNTRY CAMPINA DEL SUR,10.76,"134","98","50","48",0.01%,"22","0"
-64.2683557873944,-31.3672636397445,133-COUNTRY LA RESERVA,COUNTRY LA RESERVA,38.88,"133","795","399","396",0.06%,"207","2"
-64.1766590207414,-31.4634727942897,132-COUNTRY JOCKEY CLUB,COUNTRY JOCKEY CLUB,122.48,"132","1,555","771","784",0.12%,"379","7"
-64.1757907577539,-31.4740206319748,131-COUNTRY FORTIN DEL POZO,COUNTRY FORTIN DEL POZO,47.08,"131","428","221","207",0.03%,"95","6"
-64.1872789853517,-31.4533364108918,130-COUNTRY CLUB,COUNTRY CLUB,3.78,"130","217","105","112",0.02%,"63","0"
-64.2462880530412,-31.3805061482489,128-COUNTRY BARRANCAS,COUNTRY BARRANCAS,13.89,"128","80","42","38",0.01%,"23","0"
-64.2648073565768,-31.3747307605589,127-COUNTRY ALTOS DEL CHATEAU,COUNTRY ALTOS DEL CHATEAU,46.34,"127","560","254","306",0.04%,"126","0"
-64.2504690018409,-31.3812221255911,126-COSTA VERDE,COSTA VERDE,9.2,"126","66","29","37",0.00%,"20","0"
-64.141051484461,-31.4396411027469,125-CORRAL DE PALOS,CORRAL DE PALOS,12.8,"125","1,244","606","638",0.09%,"342","23"
-64.2624888179182,-31.3849544927415,124-CORDOBA V,CORDOBA V,5.9,"124","300","152","148",0.02%,"97","1"
-64.2635715412857,-31.3896498487242,123-CORDOBA IV,CORDOBA IV,9.46,"123","399","188","211",0.03%,"132","0"
-64.1128840395055,-31.4306306779508,122-COOPERATIVA LA UNIDAD,COOPERATIVA LA UNIDAD,21.01,"122","2,120","1,001","1,119",0.16%,"508","32"
-64.108104347353,-31.4387347588299,121-COOPERATIVA LA HERMOSA,COOPERATIVA LA HERMOSA,3.78,"121","494","240","254",0.04%,"99","24"
-64.1081012779207,-31.4401823495232,120-COOPERATIVA EL FUTURO,COOPERATIVA EL FUTURO,4.4,"120","424","210","214",0.03%,"99","12"
-64.2665829411583,-31.3141584245256,119-COOPERATIVA 16 DE NOVIEMBRE,COOPERATIVA 16 DE NOVIEMBRE,39.5,"119","1,892","902","990",0.14%,"459","58"
-64.2563181903396,-31.3137484998804,119-COOPERATIVA 16 DE NOVIEMBRE,COOPERATIVA 16 DE NOVIEMBRE,39.5,"119","1,892","902","990",0.14%,"459","58"
-64.2613974856711,-31.3119243426302,119-COOPERATIVA 16 DE NOVIEMBRE,COOPERATIVA 16 DE NOVIEMBRE,39.5,"119","1,892","902","990",0.14%,"459","58"
-64.2343527594393,-31.420751186944,118-CONSORCIO ESPERANZA,CONSORCIO ESPERANZA,3.95,"118","344","151","193",0.03%,"97","3"
-64.2568748329355,-31.318339045152,117-CONSORCIO 16 DE NOVIEMBRE,CONSORCIO 16 DE NOVIEMBRE,9.19,"117","785","379","406",0.06%,"213","12"
-64.2358058990285,-31.4681013129692,116-CONGRESO,CONGRESO,39.52,"116","2,534","1,224","1,310",0.19%,"657","39"
-64.2022362312717,-31.4888795374585,115-COMERCIAL,COMERCIAL,142.21,"115","6,575","3,213","3,362",0.49%,"1,700","215"
-64.2239801087424,-31.4172008300048,114-COMANDANTE ESPORA,COMANDANTE ESPORA,20.97,"114","1,567","718","849",0.12%,"500","10"
-64.1159918943381,-31.4173796371801,113-COLONIA LOLA,COLONIA LOLA,132.709,"113","4,709","2,290","2,419",0.35%,"1,184","146"
-64.1172824464013,-31.4100171683142,113-COLONIA LOLA,COLONIA LOLA,132.709,"113","4,709","2,290","2,419",0.35%,"1,184","146"
-64.1545306231643,-31.436618122344,112-COLON,COLON,48.34,"112","3,862","1,817","2,045",0.29%,"1,259","30"
-64.2425945373611,-31.3794775140737,111-COLINAS DEL CERRO,COLINAS DEL CERRO,45.23,"111","2,264","1,105","1,159",0.17%,"674","27"
-64.1990623202613,-31.4381468762996,110-COLINAS DE VELEZ SARSFIELD,COLINAS DE VELEZ SARSFIELD,28.79,"110","1,642","774","868",0.12%,"581","4"
-64.2085248637918,-31.436452678148,109-COLINAS DE BELLA VISTA,COLINAS DE BELLA VISTA,9.52,"109","817","384","433",0.06%,"242","13"
-64.1852851395368,-31.4031901115249,108-COFICO,COFICO,6.92,"108","498","233","265",0.04%,"177","1"
-64.1501328655991,-31.456977552863,107-CLAROS DEL BOSQUE,CLAROS DEL BOSQUE,11.15,"107","146","66","80",0.01%,"38","5"
-64.2017866497851,-31.4460153622855,106-CIUDADELA,CIUDADELA,22.39,"106","1,442","690","752",0.11%,"469","10"
-64.1404442766924,-31.3475166725032,105-CIUDAD VILLA RETIRO,CIUDAD VILLA RETIRO,11.3,"105","1,402","676","726",0.11%,"316","57"
-64.1885056254328,-31.4381745010519,0-CIUDAD UNIVERSITARIA,CIUDAD UNIVERSITARIA,0,"0",,,,,,
-64.2411054061895,-31.4488199161473,104-CIUDAD PARQUE LAS ROSAS,CIUDAD PARQUE LAS ROSAS,20.8,"104","1,385","680","705",0.10%,"325","26"
-64.1937646299897,-31.5051491986518,103-CIUDAD OBISPO ANGELELLI,CIUDAD OBISPO ANGELELLI,24.3,"103","1,828","902","926",0.14%,"403","81"
-64.0647579740385,-31.4039224720164,102-CIUDAD MI ESPERANZA,CIUDAD MI ESPERANZA,18.73,"102","1,492","748","744",0.11%,"349","50"
-64.1087832676033,-31.4484079521651,101-CIUDAD EVITA,CIUDAD EVITA,39.89,"101","2,662","1,344","1,318",0.20%,"638","95"
-64.086363859368,-31.4778174582913,100-CIUDAD DE MIS SUENOS,CIUDAD DE MIS SUENOS,29.84,"100","2,147","1,068","1,079",0.16%,"511","85"
-64.1303859488957,-31.3566522536983,99-CIUDAD DE LOS CUARTETOS,CIUDAD DE LOS CUARTETOS,29.81,"99","2,204","1,089","1,115",0.17%,"489","68"
-64.1749362785875,-31.4372589847956,0-CIUDAD DE LAS ARTES,CIUDAD DE LAS ARTES,0,"0",,,,,,
-64.1578281757511,-31.3635208249505,98-CIUDAD DE JUAN PABLO II,CIUDAD DE JUAN PABLO II,26.83,"98","2,125","1,054","1,071",0.16%,"552","45"
-64.1192198232826,-31.4735017733638,96-CIUDAD AMPLIACION FERREYRA,CIUDAD AMPLIACION FERREYRA,18.16,"96",,,,,,
-64.2274587118079,-31.4849199270226,97-CIUDAD AMPLIACION CABILDO,CIUDAD AMPLIACION CABILDO,30.68,"97","2,593","1,286","1,307",0.20%,"577","93"
-64.1200220660993,-31.4108730392785,0-CIRCUNVALACION,CIRCUNVALACION,0,"0",,,,,,
-64.2527394178353,-31.4415932456619,0-CIRCUNVALACION,CIRCUNVALACION,0,"0",,,,,,
-64.2195821314472,-31.4632619152891,0-CIRCUNVALACION,CIRCUNVALACION,0,"0",,,,,,
-64.2213634037756,-31.4630400546055,0-CIRCUNVALACION,CIRCUNVALACION,0,"0",,,,,,
-64.203542359342,-31.3548403310597,0-CIRCUNVALACION,CIRCUNVALACION,0,"0",,,,,,
-64.2033636709564,-31.3534776015309,0-CIRCUNVALACION,CIRCUNVALACION,0,"0",,,,,,
-64.2552177396363,-31.3816923685587,95-CHATEAU CARRERAS,CHATEAU CARRERAS,98.99,"95","1,624","762","862",0.12%,"514","3"
-64.1590022913468,-31.4645962351559,94-CERVECEROS,CERVECEROS,39.09,"94","3,893","1,832","2,061",0.29%,"1,094","17"
-64.2768733858269,-31.3209690442071,93-CERRO NORTE,CERRO NORTE,93.17,"93","5,374","2,599","2,775",0.40%,"1,449","111"
-64.2338114049795,-31.3721205657055,92-CERRO DE LAS ROSAS,CERRO DE LAS ROSAS,227.89,"92","5,947","2,680","3,267",0.45%,"1,944","3"
-64.2218998049562,-31.3661094460602,91-CERRO CHICO,CERRO CHICO,65.75,"91","2,719","1,259","1,460",0.20%,"1,019","6"
-64.169598089564,-31.3711168685116,90-CENTRO AMERICA,CENTRO AMERICA,66.85,"90","5,529","2,630","2,899",0.42%,"1,658","36"
-64.1834500355127,-31.4178042932322,89-CENTRO,CENTRO,312.03,"89","28,200","12,558","15,642",2.12%,"14,423","568"
-64.2082520348117,-31.4142417872261,88-CASEROS,CASEROS,14.47,"88","1,497","684","813",0.11%,"619","6"
-64.2571015075561,-31.4539727871905,87-CARRARA,CARRARA,13.33,"87","295","153","142",0.02%,"75","11"
-64.2143267353581,-31.4287913300171,86-CAROLA LORENZINI,CAROLA LORENZINI,7.16,"86","426","186","240",0.03%,"145","3"
-64.2062215826798,-31.481475590577,85-CARBO,CARBO,15.36,"85","1,444","695","749",0.11%,"395","29"
-64.2618877279315,-31.3643753189019,0-CAMPING GRL SAN MARTIN,CAMPING GRL SAN MARTIN,0,"0",,,,,,
-64.1016340990286,-31.4454314028892,84-CAMINO A VILLA POSSE,CAMINO A VILLA POSSE,121.87,"84","96","52","44",0.01%,"22","5"
-64.1602009421762,-31.498433296585,83-CAMINO A SAN CARLOS,CAMINO A SAN CARLOS,1486.08,"83","1,123","552","571",0.08%,"316","58"
-64.2049114948959,-31.4512195238216,82-CALIFORNIA,CALIFORNIA,6.45,"82","600","282","318",0.05%,"196","12"
-64.1995556046831,-31.4334534441777,81-CACERES,CACERES,11.52,"81","875","428","447",0.07%,"248","21"
-64.2086420011531,-31.4684133082217,80-CABO FARINA,CABO FARINA,73.96,"80","2,287","1,117","1,170",0.17%,"647","79"
-64.2063094484214,-31.4625626100678,80-CABO FARINA,CABO FARINA,73.96,"80","2,287","1,117","1,170",0.17%,"647","79"
-64.167683330608,-31.4422675134741,79-CABANA DEL PILAR,CABANA DEL PILAR,0,"79","458","216","242",0.03%,"151","0"
-64.2394604532514,-31.3411226022524,78-BRIGADIER SAN MARTIN,BRIGADIER SAN MARTIN,5.84,"78","392","185","207",0.03%,"119","0"
-64.1081671999376,-31.4319549557882,77-BOEDO,BOEDO,21.82,"77","2,664","1,330","1,334",0.20%,"567","154"
-64.1651467142123,-31.4525117900242,76-BIALET MASSE,BIALET MASSE,20.76,"76","2,091","980","1,111",0.16%,"591","20"
-64.1435230251151,-31.4988602721623,75-BH_CAMINO A 60 CUADRAS,BH_CAMINO A 60 CUADRAS,628.96,"75","1,615","808","807",0.12%,"422","89"
-64.0910018817445,-31.4568137138722,74-BETANIA,BETANIA,91.65,"74","1,992","989","1,003",0.15%,"480","65"
-64.2076232592013,-31.4325822240742,73-BELLA VISTA OESTE,BELLA VISTA OESTE,17.47,"73","1,828","859","969",0.14%,"532","28"
-64.2017610385703,-31.4310760948932,72-BELLA VISTA,BELLA VISTA,52.47,"72","4,607","2,216","2,391",0.35%,"1,364","118"
-64.1843646320929,-31.4629669528025,70-BARRANCAS DEL SUR,BARRANCAS DEL SUR,12.2,"70","172","85","87",0.01%,"40","0"
-64.1586498297489,-31.415001699413,69-BAJO GENERAL PAZ,BAJO GENERAL PAZ,14.4,"69","1,223","567","656",0.09%,"423","7"
-64.2020960413652,-31.393145323592,68-BAJO GALAN,BAJO GALAN,16.51,"68","810","387","423",0.06%,"301","6"
-64.2050175366239,-31.4270086711897,67-BAJADA SAN ROQUE,BAJADA SAN ROQUE,5.3,"67","388","180","208",0.03%,"125","3"
-64.1450691476688,-31.414768303164,66-BAJADA DE PIEDRA,BAJADA DE PIEDRA,25.03,"66","889","418","471",0.07%,"225","26"
-64.1710426559524,-31.3790860572758,65-AYACUCHO,AYACUCHO,67.59,"65","4,356","2,030","2,326",0.33%,"1,435","15"
-64.2169629957844,-31.4281121539283,64-AVENIDA,AVENIDA,16.05,"64","1,121","518","603",0.08%,"352","4"
-64.2307559136671,-31.4341764450624,63-ATE,ATE,17.77,"63","968","454","514",0.07%,"324","6"
-64.131224666199,-31.3761910181056,62-ARTURO CAPDEVILA,ARTURO CAPDEVILA,14.97,"62","1,818","898","920",0.14%,"484","7"
-64.2488448935656,-31.3308180580161,61-ARGUELLO NORTE,ARGUELLO NORTE,297.75,"61","15,574","7,639","7,935",1.17%,"4,079","539"
-64.2422392486779,-31.3247249919385,60-ARGUELLO II,ARGUELLO II,34.28,"60","2,677","1,375","1,302",0.20%,"623","91"
-64.262051826128,-31.3461722429859,59-ARGUELLO,ARGUELLO,498.21,"59","14,865","7,120","7,745",1.12%,"4,354","87"
-64.2355975006689,-31.3520184390118,58-APEADERO LA TABLADA,APEADERO LA TABLADA,8.78,"58","443","201","242",0.03%,"133","3"
-64.1594514014465,-31.3666642452745,57-ANEXO LOS ALAMOS,ANEXO LOS ALAMOS,4.23,"57","757","361","396",0.06%,"218","3"
-64.2012741737084,-31.3788939846699,56-ANA MARIA ZUMARAN,ANA MARIA ZUMARAN,39.5,"56","3,542","1,604","1,938",0.27%,"1,198","36"
-64.2155839465438,-31.4536351703001,55-AMPLIACION VELEZ SARSFIELD,AMPLIACION VELEZ SARSFIELD,19.07,"55","1,625","784","841",0.12%,"449","14"
-64.2397057643087,-31.3861014776024,54-AMPLIACION URCA,AMPLIACION URCA,50.19,"54","2,059","979","1,080",0.15%,"630","3"
-64.1597214554589,-31.4520403999847,53-AMPLIACION SAN PABLO,AMPLIACION SAN PABLO,18.49,"53","2,247","1,040","1,207",0.17%,"735","2"
-64.1916184339401,-31.4534767190212,52-AMPLIACION SAN FERNANDO,AMPLIACION SAN FERNANDO,36.34,"52","3,375","1,619","1,756",0.25%,"1,000","48"
-64.2242393178094,-31.4399633501796,51-AMPLIACION ROSEDAL,AMPLIACION ROSEDAL,31.55,"51","3,123","1,474","1,649",0.23%,"814","40"
-64.1612331264453,-31.376008249888,50-AMPLIACION RESIDENCIAL AMERICA,AMPLIACION RESIDENCIAL AMERICA,58.82,"50","5,488","2,608","2,880",0.41%,"1,603","53"
-64.1450821797477,-31.393666954668,49-AMPLIACION PUEYRREDON,AMPLIACION PUEYRREDON,23.37,"49","1,809","850","959",0.14%,"553","14"
-64.1123370937661,-31.4437153991218,48-AMPLIACION PRIMERO DE MAYO,AMPLIACION PRIMERO DE MAYO,13.42,"48","1,690","829","861",0.13%,"389","40"
-64.2227669849132,-31.3597595516254,47-AMPLIACION POETA LUGONES,AMPLIACION POETA LUGONES,49.46,"47","2,830","1,355","1,475",0.21%,"839","2"
-64.1563841653437,-31.4499585215276,46-AMPLIACION PARQUE SAN CARLOS,AMPLIACION PARQUE SAN CARLOS,10.84,"46","1,070","495","575",0.08%,"311","4"
-64.1799886672889,-31.365476066006,45-AMPLIACION PANAMERICANO,AMPLIACION PANAMERICANO,55.68,"45","1,545","674","871",0.12%,"528","10"
-64.1202527784613,-31.3875352636237,44-AMPLIACION PALMAR,AMPLIACION PALMAR,16.08,"44","1,356","659","697",0.10%,"380","6"
-64.2341405576036,-31.4186010236435,43-AMPLIACION LOS PLATANOS,AMPLIACION LOS PLATANOS,9.23,"43","1,060","529","531",0.08%,"281","10"
-64.1542919428214,-31.3644166507386,42-AMPLIACION LOS ALAMOS,AMPLIACION LOS ALAMOS,9.18,"42","795","390","405",0.06%,"194","4"
-64.2428597732512,-31.4010828106417,41-AMPLIACION LAS PALMAS,AMPLIACION LAS PALMAS,22.54,"41","1,750","873","877",0.13%,"513","12"
-64.1943881636183,-31.4562968531853,40-AMPLIACION KENNEDY,AMPLIACION KENNEDY,6.02,"40","370","177","193",0.03%,"105","7"
-64.1432181375558,-31.4507822343279,39-AMPLIACION JOSE IGNACIO DIAZ SECCION 3,AMPLIACION JOSE IGNACIO DIAZ SECCION 3,17.2,"39","668","328","340",0.05%,"152","22"
-64.1466007273166,-31.4509219153054,38-AMPLIACION JOSE IGNACIO DIAZ SECCION 2,AMPLIACION JOSE IGNACIO DIAZ SECCION 2,22.37,"38","1,883","922","961",0.14%,"430","56"
-64.1732980577387,-31.4554158322251,37-AMPLIACION JARDIN ESPINOSA,AMPLIACION JARDIN ESPINOSA,18.67,"37","519","256","263",0.04%,"158","0"
-64.1958875212659,-31.4632233206896,36-AMPLIACION GENERAL ARTIGAS,AMPLIACION GENERAL ARTIGAS,49.77,"36","2,325","1,106","1,219",0.17%,"661","20"
-64.1252161280049,-31.4317354197924,35-AMPLIACION EMPALME,AMPLIACION EMPALME,35.06,"35","3,115","1,502","1,613",0.23%,"940","25"
-64.2148780007921,-31.4615420959235,34-AMPLIACION CABO FARINA,AMPLIACION CABO FARINA,5.27,"34","280","140","140",0.02%,"73","12"
-64.2313350079771,-31.4437851200053,33-AMPLIACION BENJAMIN MATIENZO,AMPLIACION BENJAMIN MATIENZO,41.79,"33","1,012","480","532",0.08%,"256","27"
-64.2384966902919,-31.4488116804318,33-AMPLIACION BENJAMIN MATIENZO,AMPLIACION BENJAMIN MATIENZO,41.79,"33","1,012","480","532",0.08%,"256","27"
-64.130149050924,-31.418800365534,32-AMPLIACION ALTAMIRA,AMPLIACION ALTAMIRA,16.72,"32","1,897","923","974",0.14%,"504","37"
-64.2375798932284,-31.4344344120781,31-AMEGHINO SUD,AMEGHINO SUD,52.97,"31","3,449","1,659","1,790",0.26%,"1,093","18"
-64.2372008417107,-31.4291728661583,30-AMEGHINO NORTE,AMEGHINO NORTE,51.92,"30","3,781","1,832","1,949",0.28%,"1,008","124"
-64.1408888444944,-31.4371311914398,29-ALTOS SUD DE SAN VICENTE,ALTOS SUD DE SAN VICENTE,7.7,"29","1,023","494","529",0.08%,"275","21"
-64.2143578517347,-31.3772325958898,28-ALTOS SAN MARTIN,ALTOS SAN MARTIN,21.5,"28","1,279","597","682",0.10%,"440","3"
-64.2688125491184,-31.374856848098,127-COUNTRY ALTOS DEL CHATEAU,COUNTRY ALTOS DEL CHATEAU,46.34,"127","560","254","306",0.04%,"126","0"
-64.2196230940151,-31.3812472018439,27-ALTOS DE VILLA CABRERA,ALTOS DE VILLA CABRERA,23.17,"27","1,164","524","640",0.09%,"400","5"
-64.2140975038702,-31.4483323168207,26-ALTOS DE VELEZ SARSFIELD,ALTOS DE VELEZ SARSFIELD,21.16,"26","1,678","793","885",0.13%,"544","7"
-64.2141325964614,-31.3735358226288,24-ALTO VERDE,ALTO VERDE,89.98,"24","3,956","1,808","2,148",0.30%,"1,287","3"
-64.2247362943992,-31.3756925958522,23-ALTO PALERMO,ALTO PALERMO,25.96,"23","923","402","521",0.07%,"311","0"
-64.3052937554776,-31.3302939640896,22-ALTO HERMOSO,ALTO HERMOSO,52.13,"22","134","63","71",0.01%,"39","0"
-64.1541697551546,-31.4073366174112,187-HOGAR PROPIO,HOGAR PROPIO,47.79,"187","4,716","2,141","2,575",0.35%,"1,581","56"
-64.2489468672371,-31.4064423364043,21-ALTO DE SANTA ANA,ALTO DE SANTA ANA,62.87,"21","1,508","715","793",0.11%,"424","20"
-64.2657645536358,-31.3869535266229,20-ALTO DE DON BOSCO,ALTO DE DON BOSCO,83.21,"20","675","330","345",0.05%,"212","0"
-64.219940676278,-31.4077929131874,19-ALTO ALBERDI,ALTO ALBERDI,387.98,"19","30,472","14,357","16,115",2.29%,"10,101","389"
-64.1312574377859,-31.4251579009481,18-ALTAMIRA,ALTAMIRA,71.98,"18","6,103","2,834","3,269",0.46%,"1,895","36"
-64.1842494728698,-31.3903799365102,17-ALTA CORDOBA,ALTA CORDOBA,478.42,"17","34,575","15,929","18,646",2.60%,"12,560","372"
-64.0911138850279,-31.4616440154167,16-ALMIRANTE BROWN,ALMIRANTE BROWN,12.62,"16","1,019","508","511",0.08%,"246","13"
-64.231473963748,-31.3582805289735,15-ALEJANDRO CENTENO,ALEJANDRO CENTENO,24.84,"15","1,231","569","662",0.09%,"432","2"
-64.2251144260463,-31.3620500617943,14-ALBORADA SUR,ALBORADA SUR,5.56,"14","311","145","166",0.02%,"99","1"
-64.2683019408073,-31.3416624086498,13-ALBORADA NORTE,ALBORADA NORTE,6.11,"13","405","187","218",0.03%,"133","2"
-64.2021742180649,-31.408369589323,12-ALBERDI,ALBERDI,250.5,"12","32,729","14,585","18,144",2.46%,"15,505","858"
-64.1844348530897,-31.4642440553401,11-AIRES DEL SUR,AIRES DEL SUR,6.18,"11","142","64","78",0.01%,"32","0"
-64.1957356859382,-31.3249626672809,10-AEROPUERTO,AEROPUERTO,310.81,"10","272","133","139",0.02%,"76","5"
-64.270881350096,-31.4304095651434,9-AERONAUTICO- VILLA ZEPELLIN,AERONAUTICO- VILLA ZEPELLIN,106.06,"9","928","477","451",0.07%,"256","7"
-64.1235108429697,-31.4236045698365,8-ACOSTA,ACOSTA,62.44,"8","5,512","2,691","2,821",0.41%,"1,519","137"
-64.2040585961533,-31.436225387803,7-ACHAVAL PENA,ACHAVAL PENA,807.67,"7","754","360","394",0.06%,"218","10"
-64.1456965562471,-31.4561267034649,6-4 DE FEBRERO,4 DE FEBRERO,25.14,"6","854","416","438",0.06%,"207","16"
-64.0823231112529,-31.4900986725101,5-25 DE MAYO,25 DE MAYO,18.43,"5","441","207","234",0.03%,"113","31"
-64.1279620826956,-31.4576861165788,4-23 DE ABRIL,23 DE ABRIL,18.5,"4","1,879","925","954",0.14%,"424","69"
-64.1637940986309,-31.38667683145,3-20 DE JUNIO,20 DE JUNIO,4.17,"3","661","317","344",0.05%,"157","28"
-64.2419277567805,-31.3336313559965,2-2 DE SEPTIEMBRE,2 DE SEPTIEMBRE,23.67,"2","2,624","1,289","1,335",0.20%,"588","126"
-64.1193963104104,-31.4342983441901,1-1 DE MAYO,1 DE MAYO,113.06,"1","9,998","4,827","5,171",0.75%,"2,788","171"
-64.1159935743986,-31.4376200945223,1-1 DE MAYO,1 DE MAYO,113.06,"1","9,998","4,827","5,171",0.75%,"2,788","171"
-64.1524118917786,-31.4590670929175,145-DE LOS DOCENTES,DE LOS DOCENTES,1.16,"145","155","67","88",0.01%,"48","0"
-64.0853266784547,-31.4160911815595,0-SIN BARRIO,SIN BARRIO,0,"0","18,570","9,335","9,235",1.40%,"5,008","982"
-64.2832774548682,-31.4886222170366,0-SIN BARRIO,SIN BARRIO,0,"0","18,570","9,335","9,235",1.40%,"5,008","982"
-64.2191594669817,-31.3222796204837,0-SIN BARRIO,SIN BARRIO,0,"0","18,570","9,335","9,235",1.40%,"5,008","982"
-64.1374398097881,-31.4680029252012,0-SIN BARRIO,SIN BARRIO,0,"0","18,570","9,335","9,235",1.40%,"5,008","982"
-64.2370422842695,-31.4519710224116,0-SIN BARRIO,SIN BARRIO,0,"0","18,570","9,335","9,235",1.40%,"5,008","982"
-64.1338264433518,-31.4023582879446,0-SIN BARRIO,SIN BARRIO,0,"0","18,570","9,335","9,235",1.40%,"5,008","982"
-64.1914995424647,-31.350362060329,0-SIN BARRIO,SIN BARRIO,0,"0","18,570","9,335","9,235",1.40%,"5,008","982"
-64.1560727811735,-31.4560700161507,0-SIN BARRIO,SIN BARRIO,0,"0","18,570","9,335","9,235",1.40%,"5,008","982"
-64.166332315665,-31.4632166936165,0-SIN BARRIO,SIN BARRIO,0,"0","18,570","9,335","9,235",1.40%,"5,008","982"
-64.1842050140668,-31.3135031479882,0-SIN BARRIO,SIN BARRIO,0,"0","18,570","9,335","9,235",1.40%,"5,008","982"
-64.1418804676716,-31.4333605600357,0-SIN BARRIO,SIN BARRIO,0,"0","18,570","9,335","9,235",1.40%,"5,008","982"
-64.1105385374433,-31.4322586066823,0-SIN BARRIO,SIN BARRIO,0,"0","18,570","9,335","9,235",1.40%,"5,008","982"
-64.1633897353408,-31.3717015740408,0-SIN BARRIO,SIN BARRIO,0,"0","18,570","9,335","9,235",1.40%,"5,008","982"
-64.218933637217,-31.4550982391583,0-SIN BARRIO,SIN BARRIO,0,"0","18,570","9,335","9,235",1.40%,"5,008","982"
-64.1543896989075,-31.3658868825283,0-SIN BARRIO,SIN BARRIO,0,"0","18,570","9,335","9,235",1.40%,"5,008","982"
-64.2106242091961,-31.4112034293309,0-SIN BARRIO,SIN BARRIO,0,"0","18,570","9,335","9,235",1.40%,"5,008","982"
-64.1547442213247,-31.410674047023,0-SIN BARRIO,SIN BARRIO,0,"0","18,570","9,335","9,235",1.40%,"5,008","982"
-64.1758895338934,-31.3831584593925,0-SIN BARRIO,SIN BARRIO,0,"0","18,570","9,335","9,235",1.40%,"5,008","982"
-64.1607244749426,-31.4672392804491,0-SIN BARRIO,SIN BARRIO,0,"0","18,570","9,335","9,235",1.40%,"5,008","982"
-64.1613686970051,-31.4404243968646,0-SIN BARRIO,SIN BARRIO,0,"0","18,570","9,335","9,235",1.40%,"5,008","982"
-64.3100388559764,-31.3505723500715,0-SIN BARRIO,SIN BARRIO,0,"0","18,570","9,335","9,235",1.40%,"5,008","982"
-64.1415980492793,-31.4361250833261,0-SIN BARRIO,SIN BARRIO,0,"0","18,570","9,335","9,235",1.40%,"5,008","982"
-64.1516943551279,-31.4097663182146,0-SIN BARRIO,SIN BARRIO,0,"0","18,570","9,335","9,235",1.40%,"5,008","982"
