X,Y,Z,Name,tipo,descripcion,telefono,horario,direccion,especialidades,Contrera,Horario2,Martes y Jueves,TE,TEL,n,n de,rcoles y Viernes
-64.149057,-31.3648,0,CS N° 1 - General Mosconi,Centro de Salud,"Calle Pedro Naon 1330
Atención: Lunes a viernes de 7 a 19 hs
TE: 4335102 / 5428",4335102 / 5428,Lunes a viernes de 7 a 19 hs,"Calle Pedro Naon 1330
","Control del niño sano; Control del embarazo y puerperio; Salud sexual y reproductiva; Control de enfermedades crónicas no transmisibles (ECNT); Inmunizaciones; Odontología.",,,,4335102 / 5428,,Lunes a viernes de 7 a 19 hs,,
-64.099324,-31.46223,0,CS N° 2 - Los Sauces,Centro de Salud,"Calle Los Algarrobos 351
Atención: lunes a viernes de 7 a 19 hs.
TE: 4338516","4338516",Lunes a viernes de 7 a 19 hs.,"Los Algarrobos 351
","Control del niño sano; Control del embarazo y puerperio; Salud sexual y reproductiva; Control de enfermedades crónicas no transmisibles (ECNT); Inmunizaciones; Odontología. ",,,,"4338516",,lunes a viernes de 7 a 19 hs.,,
-64.140914,-31.39212,0,CS N° 3 - Los Pinos,Centro de Salud,"Pje. Gable Car 3786 (entre Duran y Rawson)
Atención: Lunes a viernes de 7 a 14 hs.
TE: 4339101","4339101","Lunes a viernes de 7 a 14 hs.
","Pasaje Gable Car 3786 (entre Duran y Rawson)
","Control del niño sano; Control del embarazo y puerperio; Salud sexual y reproductiva; Control de enfermedades crónicas no transmisibles (ECNT); Inmunizaciones; Odontología.",,,,"4339101",,Lunes a viernes de 7 a 14 hs.,,
-64.142765,-31.381934,0,CS N° 4 - Nueva Italia,Centro de Salud,"Calle Jose de Quevedo esq. Dos Barrios
Atención: Lunes a Viernes de 7 a 14 hs.                                                 TE: 4335123","4335123",Lunes a viernes de 7 a 14 hs.,Jose de Quevedo esq. Dos Barrios,"Control del niño sano; Control del embarazo y puerperio; Salud sexual y reproductiva; Control de enfermedades crónicas no transmisibles (ECNT); Inmunizaciones; Odontología. ",,,,,,Lunes a Viernes de 7 a 14 hs.                                                 TE: 4335123,,
-64.130464,-31.38667,0,CS N° 5 - Yofre Norte,Centro de Salud,"Calle Ramón de Clairac 1875
Atención: Lunes a viernes de 7 a 14 hs.
TE: 4339103","4339103","Lunes a viernes de 7 a 14 hs.
",Rene de Clairac 1875,"Control del niño sano; Control del embarazo y puerperio; Salud sexual y reproductiva; Control de enfermedades crónicas no transmisibles (ECNT); Inmunizaciones; Odontología. ",,,,"4339103",,Lunes a viernes de 7 a 14 hs.,,
-64.297292,-31.328122,0,CS N° 6 - Villa Rivera Indarte,Centro de Salud,"Calle Chamico y Reartes 
Atención: Lunes a viernes de 7 a 15 hs.
TE: 03543-449420",03543-449420 ,"Lunes a viernes de 7 a 15 hs.
",Chamico y Reartes,"Control del niño sano; Control del embarazo y puerperio; Salud sexual y reproductiva; Control de enfermedades crónicas no transmisibles (ECNT); Inmunizaciones; Odontología.",,,,03543-449420,,Lunes a viernes de 7 a 15 hs.,,
-64.154813,-31.400302,0,CS N° 7 - Pueyrredón,Centro de Salud,"Pasaje Urtubey esq. Faray Bracco 
Atención: Lunes a viernes de 7 a 17 hs.
TE: 4339135 / 9109",4339135 / 9109,"Lunes a viernes de 7 a 17 hs.
",Pasaje Urtubey esq. Faray Bracco,"Control del niño sano; Control del embarazo y puerperio; Salud sexual y reproductiva; Control de enfermedades crónicas no transmisibles (ECNT); Inmunizaciones; Odontología",,,,4339135 / 9109,,Lunes a viernes de 7 a 17 hs.,,
-64.130083,-31.427812,0,CS N° 8 - Acosta,Centro de Salud,"Calle Corrientes esq. Rio Parana
Atención: Lunes a viernes de 7 a 14 hs.
TE: 4338551","4338551",Lunes a viernes de 7 a 14 hs.,Corrientes esq. Río Paraná,"Control del niño sano; Control del embarazo y puerperio; Salud sexual y reproductiva; Control de enfermedades crónicas no transmisibles (ECNT); Inmunizaciones; Odontología.",,,,"4338551",,Lunes a viernes de 7 a 14 hs.,,
-64.213926,-31.404899,0,CS N° 9 - Alberdi Oeste,Centro de Salud,"Calle Dr. Pedro Chutro	169
Atención: Lunes a viernes de 7 a 14 hs.
TE: 4337309/7362",4337309/7362,"Lunes a viernes de 7 a 14 hs.
","Dr. Pedro Chutro	169","Control del niño sano; Control del embarazo y puerperio; Salud sexual y reproductiva; Control de enfermedades crónicas no transmisibles (ECNT); Inmunizaciones; Odontología.",,,,4337309/7362,,Lunes a viernes de 7 a 14 hs.,,
-64.115186,-31.424926,0,CS N° 10 - Colonia Lola,Centro de Salud,"Calle Lola Mora 1324
Atención: Lunes a Viernes 7 a 15 hs.
TE: 4338763 / 8552",4338763 / 8552,"Lunes a viernes 7 a 15 hs.
",Lola Mora 1324,"Control del niño sano; Control del embarazo y puerperio; Salud sexual y reproductiva; Control de enfermedades crónicas no transmisibles (ECNT); Inmunizaciones; Odontología.",,,,4338763 / 8552,,Lunes a Viernes 7 a 15 hs.,,
-64.164217,-31.43975,0,CS N° 11 - Crisol Sur,Centro de Salud,"Calle Tolosa 2564 esq. Castilla
Atención: Lunes a viernes de 7 a 14 hs.
TE: 4338750 / 60",4338750 / 60,"Lunes a viernes de 7 a 14 hs.
",Tolosa esq. Castilla 2564,"Control del niño sano; Control del embarazo y puerperio; Salud sexual y reproductiva; Control de enfermedades crónicas no transmisibles (ECNT); Inmunizaciones; Odontología.",,,,4338750 / 60,,Lunes a viernes de 7 a 14 hs.,,
-64.108868,-31.461173,0,CS N° 12 - Ferreyra,Centro de Salud,"Calle Armas Argentinas 5747
Atención: Lunes a viernes de 7 a 19 hs.
TE: 4338630","4338630","Lunes a viernes de 7 a 19 hs.
",Armas Argentinas 5747,"Control del niño sano; Control del embarazo y puerperio; Salud sexual y reproductiva; Control de enfermedades crónicas no transmisibles (ECNT); Inmunizaciones; Odontología.",,,,"4338630",,Lunes a viernes de 7 a 19 hs.,,
-64.186984,-31.372752,0,CS N° 13 - Hipolito Yrigoyen,Centro de Salud,"Calle Avellaneda 3571
Atención: Lunes a viernes de 7 a 14 hs.
TE: 4335435","4335435",Lunes a viernes de 7 a 14 hs.,Avellaneda 3571,"Control del niño sano; Control del embarazo y puerperio; Salud sexual y reproductiva; Control de enfermedades crónicas no transmisibles (ECNT); Inmunizaciones; Odontología.",,,,"4335435",,Lunes a viernes de 7 a 14 hs.,,
-64.163957,-31.387143,0,CS N° 14 - General Bustos,Centro de Salud,"Calle Diagonal Ica 1010
Atención: Lunes, martes, miércoles y viernes de 7 a 14hs. Jueves de 7 a 15:30 hs. 
TE: 4336003","4336003","Lunes, martes, miércoles y viernes de 7 a 14hs; jueves de 7 a 15:30 hs. 
",Diagonal Ica 1010,"Control del niño sano; Control del embarazo y puerperio; Salud sexual y reproductiva; Control de enfermedades crónicas no transmisibles (ECNT); Inmunizaciones; Odontología",,,,"4336003",,"Lunes, martes, miércoles y viernes de 7 a 14hs. Jueves de 7 a 15:30 hs.",,
-64.178771,-31.339123,0,CS N° 15 - Remedios de Escalada,Centro de Salud,"Calle 5 entre 14 y 15
Atención: Lunes a viernes de 7 a 14 hs.
TE: 4332860/61",4332860/61,"Lunes a viernes de 7 a 14 hs.
",Calle 5 entre 14 y 15,"Control del niño sano; Control del embarazo y puerperio; Salud sexual y reproductiva; Control de enfermedades crónicas no transmisibles (ECNT); Inmunizaciones; Odontología.",,,,4332860/61,,Lunes a viernes de 7 a 14 hs.,,
-64.205153,-31.375246,0,CS N° 16 - Zumaran,Centro de Salud,"Calle Sebastian Gaboto 2356
Atención: Lunes a viernes de 7 a 14 hs.
TE: 4335108 / 5438",4335108 / 5438,"Lunes a viernes de 7 a 14 hs.
",Sebastian Gaboto 2356,"Control del niño sano; Control del embarazo y puerperio; Salud sexual y reproductiva; Control de enfermedades crónicas no transmisibles (ECNT); Inmunizaciones; Odontología.",,,,4335108 / 5438,,Lunes a viernes de 7 a 14 hs.,,
-64.175209,-31.36641,0,CS N° 17 - Villa Azalaiz Oeste,Centro de Salud,"Calle Acampes esq. Gerchunoff
Atención: Lunes a viernes de 7 a 14 hs.
TE: 4335109 / 5436",4335109 / 5436,"Lunes a viernes de 7 a 14 hs.
",Acampes esq. Gerchunoff,"Control del niño sano; Control del embarazo y puerperio; Salud sexual y reproductiva; Control de enfermedades crónicas no transmisibles (ECNT); Inmunizaciones; Odontología.",,,,4335109 / 5436,,Lunes a viernes de 7 a 14 hs.,,
-64.132154,-31.374268,0,CS N° 18 - San Jorge,Centro de Salud,"Calle Barrancas del Parana esq. Jose Melian
Atención: Lunes a viernes de 7 a 18 hs.
TE: 4335103/ 5429",4335103/ 5429,"Lunes a viernes de 7 a 18 hs.
",Barrancas del Paraná esq. José Melián,"Control del niño sano; Control del embarazo y puerperio; Salud sexual y reproductiva; Control de enfermedades crónicas no transmisibles (ECNT); Inmunizaciones; Odontología.",,,,4335103/ 5429,,Lunes a viernes de 7 a 18 hs.,,
-64.194928,-31.375731,0,CS N° 19 - Sargento Cabral,Centro de Salud,"Calle Francisco Suarez 3170
Atención: Lunes a viernes de 7 a 14 hs.
TE: 4335110 / 5439",4335110 / 5439,"Lunes a viernes de 7 a 14 hs.
",Francisco Suarez 3170,"Control del niño sano; Control del embarazo y puerperio; Salud sexual y reproductiva; Control de enfermedades crónicas no transmisibles (ECNT); Inmunizaciones; Odontología.
",,,,4335110 / 5439,,Lunes a viernes de 7 a 14 hs.,,
-64.210984,-31.377368,0,CS N° 20 - Las Margaritas,Centro de Salud,"Calle Herminio Malvino 2662
Atención: Lunes a viernes de 7 a 14 hs
TE: 4335104 / 5440",4335104 / 5440,"Lunes a viernes de 7 a 14 hs
",Herminio Malvino 2662,"Control del niño sano; Control del embarazo y puerperio; Salud sexual y reproductiva; Control de enfermedades crónicas no transmisibles (ECNT); Inmunizaciones; Odontología.",,,,4335104 / 5440,,Lunes a viernes de 7 a 14 hs,,
-64.196747,-31.364883,0,CS N° 21 - Marqués de Sobremonte,Centro de Salud,"Calle Nuflo Aguilar 5441 esq. Tomas de Irobi
Atención: Lunes a viernes de 7 a 14hs
TE: 4335105/ 5441",4335105/ 5441,"Lunes a viernes de 7 a 14hs
",Nuflo de Aguilar 5441 esq. Tomas de Irobi,"Control del niño sano; Control del embarazo y puerperio; Salud sexual y reproductiva; Control de enfermedades crónicas no transmisibles (ECNT); Inmunizaciones; Odontología.",,,,4335105/ 5441,,Lunes a viernes de 7 a 14hs,,
-64.213613,-31.412561,0,CS N° 22 -Alberdi Sud,Centro de Salud,"Calle Gavino Blanco 2229 esq. Angel Avalos
Atención: Lunes a viernes de 7 a 14 hs
TE: 4337310 / 7364",4337310 / 7364,"Lunes a viernes de 7 a 14 hs
",Gavino Blanco 2229 esq. Ángel Avalos,"Control del niño sano; Control del embarazo y puerperio; Salud sexual y reproductiva; Control de enfermedades crónicas no transmisibles (ECNT); Inmunizaciones; Odontología.",,,,4337310 / 7364,,Lunes a viernes de 7 a 14 hs,,
-64.22351,-31.43749,0,CS N° 23 - Rosedal Anexo,Centro de Salud,"Calle Padre Lozano 2490
Atenció: Lunes a viernes de 7 a 14 hs
TE: 4333302","4333302","Lunes a viernes de 7 a 14 hs
",Padre Lozano 2490 esq. Lagunilla,"Control del niño sano; Control del embarazo y puerperio; Salud sexual y reproductiva; Control de enfermedades crónicas no transmisibles (ECNT); Inmunizaciones; Odontología.",,,,"4333302",,,,
-64.207929,-31.423763,0,CS N° 24 - Cupani,Centro de Salud,"Calle Isaac Albeniz 1454
Atención: Lunes a viernes de 7 a 14 hs
TE: 4333303 / 3518",4333303 / 3518,"Lunes a viernes de 7 a 14 hs
",Isaac Albeniz 1454,"Control del niño sano; Control del embarazo y puerperio; Salud sexual y reproductiva; Control de enfermedades crónicas no transmisibles (ECNT); Inmunizaciones; Odontología.",,,,4333303 / 3518,,Lunes a viernes de 7 a 14 hs,,
-64.196768,-31.394638,0,CS N° 25 - San MartÍn,Centro de Salud,"Calle Paso de Uspallata 991
Atención: Lunes a viernes de 7 a 14 hs
TE: 4336021","4336021","Lunes a viernes de 7 a 14 hs.

",Paso de Uspallata 991,"Control del niño sano; Control del embarazo y puerperio; Salud sexual y reproductiva; Control de enfermedades crónicas no transmisibles (ECNT); Inmunizaciones; Odontología.",,,,"4336021",,Lunes a viernes de 7 a 14 hs,,
-64.232517,-31.414465,0,CS N° 26 - Santa Ana,Centro de Salud,"Calle Gurruchaga 785
Atención: Lunes a viernes de 7 a 17 hs
TE: 4337306","4337306","Lunes a viernes de 7 a 17 hs
",Gurruchaga 785,"Control del niño sano; Control del embarazo y puerperio; Salud sexual y reproductiva; Control de enfermedades crónicas no transmisibles (ECNT); Inmunizaciones; Odontología.",,,,"4337306",,Lunes a viernes de 7 a 17 hs,,
-64.156071,-31.443944,0,CS N° 27 - Pilar,Centro de Salud,"Tapalque esq Patagones
Atención: Lunes a viernes de 7 a 14 hs
TE: 4338553
","4338553
","Lunes a viernes de 7 a 14 hs
",Tapalque esq Patagones,"Control del niño sano; Control del embarazo y puerperio; Salud sexual y reproductiva; Control de enfermedades crónicas no transmisibles (ECNT); Inmunizaciones; Odontología.",,,,"4338553",,Lunes a viernes de 7 a 14 hs,,
-64.250729,-31.410755,0,CS N° 28 - Las Violetas,Centro de Salud,"Calle Aviador Locatelli y Formosa
Atención: Lunes a viernes de 7 a 14hs
TE: 4337302","4337302","Lunes a viernes de 7 a 14hs
",Aviador Locatelli y Formosa,"Control del niño sano; Control del embarazo y puerperio; Salud sexual y reproductiva; Control de enfermedades crónicas no transmisibles (ECNT); Inmunizaciones; Odontología.",,,,"4337302",,Lunes a viernes de 7 a 14hs,,
-64.227643,-31.39575,0,CS N° 29 - Villa Siburu,Centro de Salud,"Boderau 3640 esq. Pje Publico
Atención: Lunes a viernes de 7 a 14 hs
TE: 4337307","4337307","Lunes a viernes de 7 a 14 hs
","Boderau 3640 esq. Pje Publico
","Control del niño sano; Control del embarazo y puerperio; Salud sexual y reproductiva; Control de enfermedades crónicas no transmisibles (ECNT); Inmunizaciones; Odontología.",,,,"4337307",,Lunes a viernes de 7 a 14 hs,,
-64.206803,-31.397133,0,CS N° 30 - Villa Paez,Centro de Salud,"Calle Emilio Coni 1050
Atención: Lunes a viernes de 7 a 14 hs.
TE: 4337308","4337308","Lunes a viernes de 7 a 14 hs.
","Emilio Coni 2090 esq. Silvestre Remonda

","Control del niño sano; Control del embarazo y puerperio; Salud sexual y reproductiva; Control de enfermedades crónicas no transmisibles (ECNT); Inmunizaciones; Odontología.",,,,"4337308",,Lunes a viernes de 7 a 14 hs.,,
-64.275016,-31.344291,0,CS N° 31 - La Salle,Centro de Salud,"Calle Curaquen 6500
Atención: Lunes a Viernes de 7 a 15hs.
TE: 03543-449427",03543-449427,"Lunes a viernes de 7 a 15 hs.
","Curaquen 6500
","Control del niño sano; Control del embarazo y puerperio; Salud sexual y reproductiva; Control de enfermedades crónicas no transmisibles (ECNT); Inmunizaciones; Odontología.",,,,03543-449427,,Lunes a Viernes de 7 a 15hs.,,
-64.149583,-31.41276,0,CS N° 32 - Yapeyu,Centro de Salud,"Calle Loreto 42
Atención 7 a 14, 15-20hs
TE: 4339110/36",4339110/36,"Lunes a viernes de 7 a 14 -15 a 20 hs.
","Loreto 42

","Control del niño sano; Control del embarazo y puerperio; Salud sexual y reproductiva; Control de enfermedades crónicas no transmisibles (ECNT); Inmunizaciones; Odontología.",,,,4339110/36,,,,
-64.266425,-31.327899,0,CSN° 33 - Argüello,Centro de Salud,"Av Ricardo Rojas 5950 - Argüello
Atención: Lunes a viernes de 7-16hs",0351-156100451,Lunes a viernes de 7 a 16 hs,"Gabriel Ortega 8050, Argüello Lourdes. ","Control del niño sano; Control del embarazo y puerperio; Salud sexual y reproductiva; Control de enfermedades crónicas no transmisibles (ECNT); Inmunizaciones; Odontología.",,,,,,Lunes a viernes de 7-16hs,,
-64.271704,-31.328768,0,CS N° 34 - Villa 9 de Julio,Centro de Salud,"Calle Coquena 7850 esq. Huarpes
Atención: Lunes a viernes de 7 a 14hs
TE: 03543-449428/22",03543-449428/22,"Lunes a viernes de 7 a 14 hs
","Coquena 7850 esq. Huarpes
","Control del niño sano; Control del embarazo y puerperio; Salud sexual y reproductiva; Control de enfermedades crónicas no transmisibles (ECNT); Inmunizaciones; Odontología.",,,,03543-449428/22,,Lunes a viernes de 7 a 14hs,,
-64.170448,-31.445921,0,CS N° 35 - Villa Revol,Centro de Salud,"Calle Chascomus 1750
Atención: Lunes a viernes de 7 a 14hs
TE: 4334359/51",4334359/51,"Lunes a viernes de 7 a 14 hs
","Chascomus 1750
","Control del niño sano; Control del embarazo y puerperio; Salud sexual y reproductiva; Control de enfermedades crónicas no transmisibles (ECNT); Inmunizaciones; Odontología.",,,,4334359/51,,Lunes a viernes de 7 a 14hs,,
-64.140673,-31.442724,0,CS N° 37 - José Ignacio Diaz ,Centro de Salud,"Gral. Pedernera 2734 esq. Albornoz
Atención: Lunes a viernes de 7 a 17hs
TE: 4338758","4338758","Lunes a viernes de 7 a 17 hs
","Gral. Pedernera 2734 esq. Albornoz
","Control del niño sano; Control del embarazo y puerperio; Salud sexual y reproductiva; Control de enfermedades crónicas no transmisibles (ECNT); Inmunizaciones; Odontología.",,,,"4338758",,Lunes a viernes de 7 a 17hs,,
-64.14785,-31.439245,0,CS N° 38 - Urquiza,Centro de Salud,"Calle Miguel de Marmol 2956
Atención: Lunes a viernes de 7 a 14hs
TE: 4338555/ 38765",4338555/ 38765,"Lunes a viernes de 7 a 14 hs
","Miguel de Mármol 2956
","Control del niño sano; Control del embarazo y puerperio; Salud sexual y reproductiva; Control de enfermedades crónicas no transmisibles (ECNT); Inmunizaciones; Odontología.",,,,4338555/ 38765,,Lunes a viernes de 7 a 14hs,,
-64.210871,-31.445241,0,CS N° 39 - Ferrer,Centro de Salud,"Calle Bustos y Ferreyra 3100 esq. M. Baigorria
Atención: Lunes a viernes de 7 a 14hs
TE: 4334355","4334355","Lunes a viernes de 7 a 14 hs
","Bustos y Ferreyra 3100 esq. M. Baigorria
","Control del niño sano; Control del embarazo y puerperio; Salud sexual y reproductiva; Control de enfermedades crónicas no transmisibles (ECNT); Inmunizaciones; Odontología.",,,,"4334355",,Lunes a viernes de 7 a 14hs,,
-64.202272,-31.451094,0,CS N° 40 - Las Flores,Centro de Salud,"Avenida Armada Agentina 105
Atención: Lunes a viernes de 7 a 14hs
TE: 4334353","4334353","Lunes a viernes de 7 a 14 hs
","Avenida Armada Argentina 105
","Control del niño sano; Control del embarazo y puerperio; Salud sexual y reproductiva; Control de enfermedades crónicas no transmisibles (ECNT); Inmunizaciones; Odontología.",,,,"4334353",,Lunes a viernes de 7 a 14hs,,
-64.214358,-31.469805,0,CS N° 41 - Villa El Libertador,Centro de Salud,"Calle Chiclayo 105 (entre Pje. Publico y Defensa)
Atención de: Lunes a viernes de 7 a 19hs
TE: 4333211","4333211","Lunes a viernes de 7 a 19 hs
","Chiclayo 105 entre Pje. Público y Defensa

","Control del niño sano; Control del embarazo y puerperio; Salud sexual y reproductiva; Control de enfermedades crónicas no transmisibles (ECNT); Inmunizaciones; Odontología.",,,,"4333211",,,Lunes a viernes de 7 a 19hs,
-64.209587,-31.484598,0,CS N° 42 - Comercial,Centro de Salud,"Calle Virgen de Fatima esq. Rio Tercero
Atención: Lunes a viernes de 7 a 18hs
TE: 4333312 / 3187",4333312 / 3187,"Lunes a viernes de 7 a 18 hs
","Virgen de Fátima esq. Rio Tercero
","Control del niño sano; Control del embarazo y puerperio; Salud sexual y reproductiva; Control de enfermedades crónicas no transmisibles (ECNT); Inmunizaciones; Odontología.",,,,4333312 / 3187,,Lunes a viernes de 7 a 18hs,,
-64.194918,-31.42379,0,CS N° 43 - Guemes,Centro de Salud,"Calle Bolivar 826
Atención: 7 a 14 hs.
TE: 4334377 / 4366",4334377 / 4366,"Lunes a viernes de 7 a 14 hs.
","Bolivar 826
","Control del niño sano; Control del embarazo y puerperio; Salud sexual y reproductiva; Control de enfermedades crónicas no transmisibles (ECNT); Inmunizaciones; Odontología.",,,,4334377 / 4366,,7 a 14 hs.,,
-64.208575,-31.434609,0,CS N° 44 - Bella Vista,Centro de Salud,"Calle Alejandro Dumas esq. Venus
Atención 7 a 14 hs
TE: 4334281","4334281","Lunes a viernes de 7 a 14 hs
","Alejandro Dumas esq. Venus
","Control del niño sano; Control del embarazo y puerperio; Salud sexual y reproductiva; Control de enfermedades crónicas no transmisibles (ECNT); Inmunizaciones; Odontología.",,,,"4334281",,,,
-64.205303,-31.463756,0,CS N° 45 - Cabo Farina,Centro de Salud,"Calle Viña del Mar 4651
Atención: Lunes a Viernes  7 a 14hs.
TE: 4334280","4334280","Lunes a Viernes  7 a 14hs.
","Viña del Mar 4651
","Control del niño sano; Control del embarazo y puerperio; Salud sexual y reproductiva; Control de enfermedades crónicas no transmisibles (ECNT); Inmunizaciones; Odontología.",,,,"4334280",,Lunes a Viernes  7 a 14hs.,,
-64.229615,-31.479408,0,CS N° 46 - Santa Isabel,Centro de Salud,"Calle Alto del Tala 5600
Atención 7 a 14 hs 
TE: 4333213 - 4333313",4333213 - 4333313,"Lunes a viernes de 7 a 14 hs
","Alto del Tala S/N entre Cajamarca e Isla Verde 
","Control del niño sano; Control del embarazo y puerperio; Salud sexual y reproductiva; Control de enfermedades crónicas no transmisibles (ECNT); Inmunizaciones; Odontología.",,,,4333213 - 4333313,,,,
-64.143159,-31.478775,0,CS N° 47 - Coronel Olmedo,Centro de Salud,"Calle Ruiz Huidobro (Numeración 5850 es al lado)
Atención 7 a 19 hs
TE: 4338633","4338633","Lunes a viernes de  7 a 19 hs
",Pascual Ruiz Huidobro (la numeración 5850 es al lado),"Control del niño sano; Control del embarazo y puerperio; Salud sexual y reproductiva; Control de enfermedades crónicas no transmisibles (ECNT); Inmunizaciones; Odontología.",,,,"4338633",,,,
-64.150701,-31.37525,0,CS N° 48 - Villa Azalais Este,Centro de Salud,"Calle Milan 2960
Atención: 7 a 14hs.
TE: 4335106 / 5437",4335106 / 5437,"Lunes a viernes de 7 a 14 hs.
","Milan 2960
","Control del niño sano; Control del embarazo y puerperio; Salud sexual y reproductiva; Control de enfermedades crónicas no transmisibles (ECNT); Inmunizaciones; Odontología.",,,,4335106 / 5437,,7 a 14hs.,,
-64.248691,-31.379297,0,CS N° 49 - Colinas del Cerro,Centro de Salud,"Calle Las Acacias esq Ramon Mestre
Atención 7 a 14hs
TE: 4338405","4338405","Lunes a viernes de 7 a 14 hs
","Las Acacias esq. Ramón Mestre
","Control del niño sano; Control del embarazo y puerperio; Salud sexual y reproductiva; Control de enfermedades crónicas no transmisibles (ECNT); Inmunizaciones; Odontología.
",,,,"4338405",,,,
-64.248264,-31.435822,0,CS N° 50 - Villa Adela,Centro de Salud,"Calle Gabriela Mistral 4711
Atención: 7 a 17 hs.
TE: 4333304","4333304","Lunes a viernes 7 a 17 hs.
",Gabriela Mistral 4711 esquina Petirossi,"Control del niño sano; Control del embarazo y puerperio; Salud sexual y reproductiva; Control de enfermedades crónicas no transmisibles (ECNT); Inmunizaciones; Odontología.",,,,"4333304",,7 a 17 hs.,,
-64.176877,-31.313835,0,CS N° 51 - Guiñazu,Centro de Salud,"Calle De la Caja esq. Del Erquencho
Atención 7 a 18 hs
TE: 4995883/1883",4995883/1883,"Lunes a viernes de 7 a 18 hs
","De la Caja esq. Del Erquencho
","Control del niño sano; Control del embarazo y puerperio; Salud sexual y reproductiva; Control de enfermedades crónicas no transmisibles (ECNT); Inmunizaciones; Odontología.",,,,4995883/1883,,,,
-64.241363,-31.391963,0,CS N° 52 - Villa Urquiza,Centro de Salud,"Calle Humberto 1º 4900 (esq. Fiorito)
Atención 7 a 14 hs
TE: 4337311 / 7338",4337311 / 7338,"Lunes a viernes de 7 a 14 hs
","Calle Humberto 1º 4900 esq. Fiorito
","Control del niño sano; Control del embarazo y puerperio; Salud sexual y reproductiva; Control de enfermedades crónicas no transmisibles (ECNT); Inmunizaciones; Odontología.",,,,4337311 / 7338,,,,
-64.193448,-31.47643,0,CS N° 53 - Inaudi,Centro de Salud,"Calle Teniente Nivoli
Atención: 7 a 17 hs.
TE: 4333314","4333314",Lunes a viernes de 7 a 17 hs,"Teniente Nivoli esq. Fiorito
","Control del niño sano; Control del embarazo y puerperio; Salud sexual y reproductiva; Control de enfermedades crónicas no transmisibles (ECNT); Inmunizaciones; Odontología.",,,,"4333314",,7 a 17 hs.,,
-64.217497,-31.344621,0,CS N 54 - Los Boulevares,Centro de Salud,"Bv de Los Hungaros esq Bv. De los Lombardos
Calle 7 a 14 hs
TE: 4335442/5111",4335442/5111,"Lunes a viernes de 7 a 14 hs
","Bv de Los Húngaros esq. Bv. De los Lombardos
","Control del niño sano; Control del embarazo y puerperio; Salud sexual y reproductiva; Control de enfermedades crónicas no transmisibles (ECNT); Inmunizaciones; Odontología.",,,,4335442/5111,,,,
-64.240834,-31.406385,0,CS N° 55 - Las Palmas,Centro de Salud,"Calle Miguel de Sopeña 350
Atención: 7 A 14 hs.
TE: 4337339","4337339","Lunes a viernes de 7 A 14 hs.
","Miguel de Sopeña 350
","Control del niño sano; Control del embarazo y puerperio; Salud sexual y reproductiva; Control de enfermedades crónicas no transmisibles (ECNT); Inmunizaciones; Odontología.",,,,"4337339",,7 A 14 hs.,,
-64.124231,-31.432059,0,CS N° 56 - Empalme,Centro de Salud,"Calle Ariza 4800 (entre Samaniego y Pichanas)
Atención 7 a 14 hs
TE: 4338561 / 8766",4338561 / 8766,"Lunes a viernes de 7 a 14 hs
","Ariza 4800 entre Samaniego y Pichanas
","Control del niño sano; Control del embarazo y puerperio; Salud sexual y reproductiva; Control de enfermedades crónicas no transmisibles (ECNT); Inmunizaciones; Odontología.",,,,4338561 / 8766,,,,
-64.244565,-31.333858,0,CS N° 57 - Arguello I.P.V,Centro de Salud,"Calle Fermin Martin S/N (Esq. Alberto Fage)
Atención 7 a 17 hs 
03543-449432",03543-449432,"Lunes a viernes de 7 a 17 hs
","Fermin Martin S/N esq. Alberto Fage
","Control del niño sano; Control del embarazo y puerperio; Salud sexual y reproductiva; Control de enfermedades crónicas no transmisibles (ECNT); Inmunizaciones; Odontología.",,,,,,,,
-64.131618,-31.414486,0,CS N° 58 - Maldonado,Centro de Salud,"Calle Martín Cartechini esq. Blas Parera
Atención 7 a 19 hs
TE: 4338769 - 155376415",:4338769 - 155376415,"Lunes a viernes de 7 a 19 hs
","Martín Cartechini esq. Blas Parera
","Control del niño sano; Control del embarazo y puerperio; Salud sexual y reproductiva; Control de enfermedades crónicas no transmisibles (ECNT); Inmunizaciones; Odontología.",,,,4338769 - 155376415,,,,
-64.232624,-31.467755,0,CS N° 59 - Congreso,Centro de Salud,"Calle Curazao esq. Ralico
Atención 7 a 17 hs
TE: 4333305","4333305","Lunes a viernes de 7 a 17 hs
","Av. Curazao esq. Ralicó
","Control del niño sano; Control del embarazo y puerperio; Salud sexual y reproductiva; Control de enfermedades crónicas no transmisibles (ECNT); Inmunizaciones; Odontología.",,,,"4333305",,,,
-64.190261,-31.372003,0,CS N° 60 - Marqués de Sobremonte Anexo,Centro de Salud,"Calle Del Molino esq. Del Precursor
Atención 7 a 14 hs
TE: 4335122","4335122","Lunes a viernes de 7 a 14 hs
","Del Molino esq. Del Precursor

","Control del niño sano; Control del embarazo y puerperio; Salud sexual y reproductiva; Control de enfermedades crónicas no transmisibles (ECNT); Inmunizaciones; Odontología. ",,,,"4335122",,,,
-64.248648,-31.325207,0,CS N° 61 - Cerrito Autodromo,Centro de Salud,"Calle Domingo Marimon esq Mario Sesarego
Atención 7 a 14 hs
TE: 03543-449421-9020","Calle Domingo Marimon esq Mario Sesarego
Atención 7 a 14 hs
TE: 03543-449421-9020","Calle Domingo Marimon esq Mario Sesarego
Atención 7 a 14 hs
TE: 03543-449421-9020","Calle Domingo Marimon esq Mario Sesarego
Atención 7 a 14 hs
TE: 03543-449421-9020","Control del niño sano; Control del embarazo y puerperio; Salud sexual y reproductiva; Control de enfermedades crónicas no transmisibles (ECNT); Inmunizaciones; Odontología. ",,,,03543-449421-9020,,,,
-64.2701,-31.313475,0,CS N° 62 - Villa Cornú,Centro de Salud,"Llancaquen y Loncoche
Atención 7 a 14 hs","155494983",Lunes a viernes de 7 a 14 hs,"Llancaquen y Loncoche
","Control del niño sano; Control del embarazo y puerperio; Salud sexual y reproductiva; Control de enfermedades crónicas no transmisibles (ECNT); Inmunizaciones; Odontología. ",,,,,,,,
-64.259353,-31.415466,0,CS N° 63 - Parque República,Centro de Salud,"Namuncura y Mariano Rosas 
Atención: 7 a 19 hs
TE: 4337818","4337818","Lunes a viernes de 7 a 19 hs
","Namuncura y Mariano Rosas
","Control del niño sano; Control del embarazo y puerperio; Salud sexual y reproductiva; Control de enfermedades crónicas no transmisibles (ECNT); Inmunizaciones; Odontología. ",,,,"4337818",,7 a 19 hs,,
-64.165108,-31.452486,0,CS N° 64 - Oña / Bialet Massé,Centro de Salud,"Calle Los Hornillos esq. Cerro Colorado
Atención: 7 a 14hs.
TE: 4334378","4334378","Lunes a viernes de 7 a 14 hs.
","Los Hornillos esq. Cerro Colorado
","Control del niño sano; Control del embarazo y puerperio; Salud sexual y reproductiva; Control de enfermedades crónicas no transmisibles (ECNT); Inmunizaciones; Odontología. ",,,,"4334378",,7 a 14hs.,,
-64.247017,-31.421891,0,CS N° 65 - San Roque,Centro de Salud,"Sargento Gomez esquina Av. Kingley
Horario: 7-19 hs 
TE: 4333210 / 3315",4333210 / 3315,"Lunes a viernes de 7 a 19 hs
","Sargento Gomez esquina Av. Kingley

","Control del niño sano; Control del embarazo y puerperio; Salud sexual y reproductiva; Control de enfermedades crónicas no transmisibles (ECNT); Inmunizaciones; Odontología. ",,7-19 hs,,4333210 / 3315,,,,
-64.256233,-31.32051,0,CS N° 66 - Mercantil Anexo,Centro de Salud,"C. Beta 7328
Atención: 7 a 14hs.
TE: 03543-449430 / 9022",03543-449430 / 9022,"Lunes a viernes de 7 a 14 hs.
","C. Beta 7328
","Control del niño sano; Control del embarazo y puerperio; Salud sexual y reproductiva; Control de enfermedades crónicas no transmisibles (ECNT); Inmunizaciones; Odontología. ",,,,03543-449430 / 9022,,7 a 14hs.,,
-64.261726,-31.313572,0,CS N° 67 - 16 de Noviembre,Centro de Salud,"Cauque y Jose Torre Revello
Atención 7 a 14 hs 
TE: 03543-449431 / 9443","03543-449431 / 9443
",Lunes a viernes de 7 a 14 hs.,"Cauque y José Torre Revello
","Control del niño sano; Control del embarazo y puerperio; Salud sexual y reproductiva; Control de enfermedades crónicas no transmisibles (ECNT); Inmunizaciones; Odontología. ",,,,03543-449431 / 9443,,,,
-64.144551,-31.46598,0,CS N° 68 - Carcano,Centro de Salud,"Calle Las Altas Cumbres 3830
Atención: 7 a 14 hs 
TE: 4338500","Calle Las Altas Cumbres 3830
Atención: 7 a 14 hs 
TE: 4338500","Calle Las Altas Cumbres 3830
Atención: 7 a 14 hs 
TE: 4338500","Calle Las Altas Cumbres 3830
Atención: 7 a 14 hs 
TE: 4338500",,,,,"4338500",,7 a 14 hs,,
-64.060866,-31.369312,0,CS N° 69 - General Arenales,Centro de Salud,"Calle La Pirincha esq. El Crespin
Atención: 7 a 18 hs 
TE: 4997931","Calle La Pirincha esq. El Crespin
Atención: 7 a 18 hs 
TE: 4997931","Calle La Pirincha esq. El Crespin
Atención: 7 a 18 hs 
TE: 4997931","Calle La Pirincha esq. El Crespin
Atención: 7 a 18 hs 
TE: 4997931",,,,,"4997931",,7 a 18 hs,,
-64.247673,-31.4484977,0,CS N° 70 - Estación Flores,Centro de Salud,"Estocolmo 4600
Atención 7 a 17 hs
TE: 4333208","Estocolmo 4600
Atención 7 a 17 hs
TE: 4333208","Estocolmo 4600
Atención 7 a 17 hs
TE: 4333208","Estocolmo 4600
Atención 7 a 17 hs
TE: 4333208",,,,,"4333208",,,,
-64.1330108,-31.4522672,0,CS N° 71 - Cooperativa El Arco,Centro de Salud,"Av. Sotomayor 3421
Atención 7 a 14 hs
TE: 4338631","Av. Sotomayor 3421
Atención 7 a 14 hs
TE: 4338631","Av. Sotomayor 3421
Atención 7 a 14 hs
TE: 4338631","Av. Sotomayor 3421
Atención 7 a 14 hs
TE: 4338631",,,,,"4338631",,,,
-64.059992,-31.378005,0,CS N° 72 - La Floresta,Centro de Salud,"Calle Las Orquidias 9945
Atención 7 a 14 hs 
TE: 4997930","Calle Las Orquidias 9945
Atención 7 a 14 hs 
TE: 4997930","Calle Las Orquidias 9945
Atención 7 a 14 hs 
TE: 4997930","Calle Las Orquidias 9945
Atención 7 a 14 hs 
TE: 4997930",,,,,"4997930",,,,
-64.246765,-31.483352,0,CS N° 73 - Parque Futura,Centro de Salud,"Calle Guanasacate (Esq. Aruba)
Atención 7 a 17 hs 
TE: 4333517/3317","Calle Guanasacate (Esq. Aruba)
Atención 7 a 17 hs 
TE: 4333517/3317","Calle Guanasacate (Esq. Aruba)
Atención 7 a 17 hs 
TE: 4333517/3317","Calle Guanasacate (Esq. Aruba)
Atención 7 a 17 hs 
TE: 4333517/3317",,,,,4333517/3317,,,,
-64.105461,-31.355414,0,CS N° 74 - Villa Esquiú,Centro de Salud,"A. Arturo Capdevila Km 10
Atención 7 a 14 hs 
TE: 4999910","A. Arturo Capdevila Km 10
Atención 7 a 14 hs 
TE: 4999910","A. Arturo Capdevila Km 10
Atención 7 a 14 hs 
TE: 4999910","A. Arturo Capdevila Km 10
Atención 7 a 14 hs 
TE: 4999910",,,,,"4999910",,,,
-64.16007,-31.464296,0,CS N° 75 - Cerveceros,Centro de Salud,"Calle Onofrio Palamara 2825 (entre Reyna y Saavedra)
Atención 7 a 14 hs 
TE: 4334357 / 4379","Calle Onofrio Palamara 2825 (entre Reyna y Saavedra)
Atención 7 a 14 hs 
TE: 4334357 / 4379","Calle Onofrio Palamara 2825 (entre Reyna y Saavedra)
Atención 7 a 14 hs 
TE: 4334357 / 4379","Calle Onofrio Palamara 2825 (entre Reyna y Saavedra)
Atención 7 a 14 hs 
TE: 4334357 / 4379",,,,,4334357 / 4379,,,,
-64.263116,-31.421353,0,CS N° 76 - Villa Unión,Centro de Salud,"Calle Tres Cruces (Esq. Cataneo)
Atención 7 a 14 hs 
TE: 4333332 / 3209","Calle Tres Cruces (Esq. Cataneo)
Atención 7 a 14 hs 
TE: 4333332 / 3209","Calle Tres Cruces (Esq. Cataneo)
Atención 7 a 14 hs 
TE: 4333332 / 3209","Calle Tres Cruces (Esq. Cataneo)
Atención 7 a 14 hs 
TE: 4333332 / 3209",,,,,4333332 / 3209,,,,
-64.272305,-31.384804,0,CS N° 77 - Don Bosco,Centro de Salud,"Santiago Costamagna Nº 7000 esq.Vespignani
Atención 7 a 14 hs 
TE: 4337816","Santiago Costamagna Nº 7000 esq.Vespignani
Atención 7 a 14 hs 
TE: 4337816","Santiago Costamagna Nº 7000 esq.Vespignani
Atención 7 a 14 hs 
TE: 4337816","Santiago Costamagna Nº 7000 esq.Vespignani
Atención 7 a 14 hs 
TE: 4337816",,,,,"4337816",,,,
-64.162989,-31.357558,0,CS N° 78 - Parque Liceo II Secc.,Centro de Salud,"Guillermo Hudson 4600 esq Calixto Oyuela
Atención 7 a 20:00 hs 
TE: 4332862","Guillermo Hudson 4600 esq Calixto Oyuela
Atención 7 a 20:00 hs 
TE: 4332862","Guillermo Hudson 4600 esq Calixto Oyuela
Atención 7 a 20:00 hs 
TE: 4332862","Guillermo Hudson 4600 esq Calixto Oyuela
Atención 7 a 20:00 hs 
TE: 4332862",,,,,"4332862",,,,
-64.198297,-31.4995545,0,CS N°79 - Albert Sabin,Centro de Salud,"Camino San Antonio Km 7 1/2
Atención 7 a 19 hs 
TE: 4333215","Camino San Antonio Km 7 1/2
Atención 7 a 19 hs 
TE: 4333215","Camino San Antonio Km 7 1/2
Atención 7 a 19 hs 
TE: 4333215","Camino San Antonio Km 7 1/2
Atención 7 a 19 hs 
TE: 4333215",,,,,"4333215",,,,
-64.122643,-31.41547,0,CS N° 80 - Renacimiento,Centro de Salud,"Calle Manuel de Oliden 448
Atención 7 a 14 hs 
TE: 4338562","Calle Manuel de Oliden 448
Atención 7 a 14 hs 
TE: 4338562","Calle Manuel de Oliden 448
Atención 7 a 14 hs 
TE: 4338562","Calle Manuel de Oliden 448
Atención 7 a 14 hs 
TE: 4338562",,,,,"4338562",,,,
-64.1085074,-31.4539896,0,CS N° 81 - San Lorenzo,Centro de Salud,"Manuel Padilla 4681
Atención 7:30 a 14:45 hs 
TE: 4338632","Manuel Padilla 4681
Atención 7:30 a 14:45 hs 
TE: 4338632","Manuel Padilla 4681
Atención 7:30 a 14:45 hs 
TE: 4338632","Manuel Padilla 4681
Atención 7:30 a 14:45 hs 
TE: 4338632",,,,,"4338632",,,,
-64.283195,-31.315606,0,CS N° 82 - Villa Allende Parque,Centro de Salud,"Calle 15 S/N (entre 18 y 19)
Atención 7 a 14hs 
TE: 03543-439691","Calle 15 S/N (entre 18 y 19)
Atención 7 a 14hs 
TE: 03543-439691","Calle 15 S/N (entre 18 y 19)
Atención 7 a 14hs 
TE: 03543-439691","Calle 15 S/N (entre 18 y 19)
Atención 7 a 14hs 
TE: 03543-439691",,,,,03543-439691,,,,
-64.2391559,-31.428274,0,CS N° 83 - Ameghino Norte,Centro de Salud,"Maria Curie 1700
Atención 7 a 14 hs
TE: 4333335","Maria Curie 1700
Atención 7 a 14 hs
TE: 4333335","Maria Curie 1700
Atención 7 a 14 hs
TE: 4333335","Maria Curie 1700
Atención 7 a 14 hs
TE: 4333335",,,,,"4333335",,,,
-64.11575,-31.402825,0,CS N° 84 - Bajo Grande,Centro de Salud,"Camino a Chacra de la Merced Km 6 1/2
Atención: 7 a 14hs.
TE: 4339137","Camino a Chacra de la Merced Km 6 1/2
Atención: 7 a 14hs.
TE: 4339137","Camino a Chacra de la Merced Km 6 1/2
Atención: 7 a 14hs.
TE: 4339137","Camino a Chacra de la Merced Km 6 1/2
Atención: 7 a 14hs.
TE: 4339137",,,,,"4339137",,7 a 14hs.,,
-64.1363124,-31.3660524,0,CS N° 85 - Patricios Este,Centro de Salud,"Heroes de Vilcapujio 3725
Atención 7 a 14 hs
TE: 4335133","Heroes de Vilcapujio 3725
Atención 7 a 14 hs
TE: 4335133","Heroes de Vilcapujio 3725
Atención 7 a 14 hs
TE: 4335133","Heroes de Vilcapujio 3725
Atención 7 a 14 hs
TE: 4335133",,,,,"4335133",,,,
-64.216515,-31.480657,0,CS N° 86 - Villa El Libertador,Centro de Salud,"Calle Barraquilla S/N (entre Mercedes y Pje.Publico ex.12)
Atención 7 a 17 hs
TE: 4333512/ 3216","Calle Barraquilla S/N (entre Mercedes y Pje.Publico ex.12)
Atención 7 a 17 hs
TE: 4333512/ 3216","Calle Barraquilla S/N (entre Mercedes y Pje.Publico ex.12)
Atención 7 a 17 hs
TE: 4333512/ 3216","Calle Barraquilla S/N (entre Mercedes y Pje.Publico ex.12)
Atención 7 a 17 hs
TE: 4333512/ 3216",,,,,4333512/ 3216,,,,
-64.2616605,-31.4526836,0,CS N° 87 - Sachi,Centro de Salud,"Avenida La Donosa esquina Colalao
Atención 7 a 14 hs 
TE: 4333217","Avenida La Donosa esquina Colalao
Atención 7 a 14 hs 
TE: 4333217","Avenida La Donosa esquina Colalao
Atención 7 a 14 hs 
TE: 4333217","Avenida La Donosa esquina Colalao
Atención 7 a 14 hs 
TE: 4333217",,,,,"4333217",,,,
-64.0634881,-31.4095134,0,CS N° 88 - Villa la Merced,Centro de Salud,"Calle Malvinas Argentinas, Córdoba
Atención: 7-18 hs","Calle Malvinas Argentinas, Córdoba
Atención: 7-18 hs","Calle Malvinas Argentinas, Córdoba
Atención: 7-18 hs","Calle Malvinas Argentinas, Córdoba
Atención: 7-18 hs",,,,,,,7-18 hs,,
-64.1965928,-31.5139885,0,CS N° 89 - Villa Rivadavia,Centro de Salud,"Camino a San Antonio Km 8 1/2
Atención 7 a 15 hs 
TE: 4333228","Camino a San Antonio Km 8 1/2
Atención 7 a 15 hs 
TE: 4333228","Camino a San Antonio Km 8 1/2
Atención 7 a 15 hs 
TE: 4333228","Camino a San Antonio Km 8 1/2
Atención 7 a 15 hs 
TE: 4333228",,,,,"4333228",,,,
-64.082319,-31.463619,0,CS N° 90 - Ituzaingo Anexo,Centro de Salud,"Calle James Frank 5571
Atención 7 a  19 hs 
TE: 4348527","Calle James Frank 5571
Atención 7 a  19 hs 
TE: 4348527","Calle James Frank 5571
Atención 7 a  19 hs 
TE: 4348527","Calle James Frank 5571
Atención 7 a  19 hs 
TE: 4348527",,,,,"4348527",,,,
-64.113185,-31.439264,0,CS N° 91 - Villa Bustos,Centro de Salud,"Pasaje Ancasti esq. Benjamin Viel
Atención:  Lunes a viernes de 7 a 19hs 
TE: 4338528","Pasaje Ancasti esq. Benjamin Viel
Atención:  Lunes a viernes de 7 a 19hs 
TE: 4338528","Pasaje Ancasti esq. Benjamin Viel
Atención:  Lunes a viernes de 7 a 19hs 
TE: 4338528","Pasaje Ancasti esq. Benjamin Viel
Atención:  Lunes a viernes de 7 a 19hs 
TE: 4338528",,,,,"4338528",,Lunes a viernes de 7 a 19hs,,
-64.231299,-31.332388,0,CS N° 92 - Los Cortaderos,Centro de Salud,"Boulevard de los Polacos y Canal Norte
Atención 7 a 14 hs.
TE:03543-449026","Boulevard de los Polacos y Canal Norte
Atención 7 a 14 hs.
TE:03543-449026","Boulevard de los Polacos y Canal Norte
Atención 7 a 14 hs.
TE:03543-449026","Boulevard de los Polacos y Canal Norte
Atención 7 a 14 hs.
TE:03543-449026",,,,,,,,,
-64.252617,-31.427766,0,CS N° 93 - Villa La Tela,Centro de Salud,"Aviador Almonacid esq. Avdor Zaar
Atención: Lunes a viernes de 7 a 14hs 
TE: 4343188","Aviador Almonacid esq. Avdor Zaar
Atención: Lunes a viernes de 7 a 14hs 
TE: 4343188","Aviador Almonacid esq. Avdor Zaar
Atención: Lunes a viernes de 7 a 14hs 
TE: 4343188","Aviador Almonacid esq. Avdor Zaar
Atención: Lunes a viernes de 7 a 14hs 
TE: 4343188",,,,,"4343188",,Lunes a viernes de 7 a 14hs,,
-64.1516791,-31.3540435,0,CS N° 94 - Parque Liceo III Secc.,Centro de Salud,"Calle Juan Luis Orrego 4735 (Esq. Constancio Vigil)
Atención: Lunes a viernes de 7 a 15hs.
TE: 4331924","Calle Juan Luis Orrego 4735 (Esq. Constancio Vigil)
Atención: Lunes a viernes de 7 a 15hs.
TE: 4331924","Calle Juan Luis Orrego 4735 (Esq. Constancio Vigil)
Atención: Lunes a viernes de 7 a 15hs.
TE: 4331924","Calle Juan Luis Orrego 4735 (Esq. Constancio Vigil)
Atención: Lunes a viernes de 7 a 15hs.
TE: 4331924",,,,,"4331924",,Lunes a viernes de 7 a 15hs.,,
-64.1468027,-31.4502847,0,CS N° 95 - Camino a 60 Cuadras,Centro de Salud,"Camino a 60 cuadas Km 3 1/2 
Atención: Lunes a viernes de 7 a 14hs 
TE: 4348520","Camino a 60 cuadas Km 3 1/2 
Atención: Lunes a viernes de 7 a 14hs 
TE: 4348520","Camino a 60 cuadas Km 3 1/2 
Atención: Lunes a viernes de 7 a 14hs 
TE: 4348520","Camino a 60 cuadas Km 3 1/2 
Atención: Lunes a viernes de 7 a 14hs 
TE: 4348520",,,,,"4348520",,Lunes a viernes de 7 a 14hs,,
-64.1284778,-31.4436506,0,CS N° 96 - Jose Ignacio Diaz 1 Secc,Centro de Salud,"Calle Publica Nº 1 Mza. 26 Lote 17
Atención: Lunes a viernes de 7 a 14hs 
TE: 4356714","Calle Publica Nº 1 Mza. 26 Lote 17
Atención: Lunes a viernes de 7 a 14hs 
TE: 4356714","Calle Publica Nº 1 Mza. 26 Lote 17
Atención: Lunes a viernes de 7 a 14hs 
TE: 4356714","Calle Publica Nº 1 Mza. 26 Lote 17
Atención: Lunes a viernes de 7 a 14hs 
TE: 4356714",,,,,"4356714",,Lunes a viernes de 7 a 14hs,,
-64.234529,-31.488507,0,CS N° 97 - Cabildo,Centro de Salud,"AV. Colorado esq.Gaiman
Atención: Lunes a viernes de 7 a 14:30 hs
TE: 4343230","AV. Colorado esq.Gaiman
Atención: Lunes a viernes de 7 a 14:30 hs
TE: 4343230","AV. Colorado esq.Gaiman
Atención: Lunes a viernes de 7 a 14:30 hs
TE: 4343230","AV. Colorado esq.Gaiman
Atención: Lunes a viernes de 7 a 14:30 hs
TE: 4343230",,,,,"4343230",,Lunes a viernes de 7 a 14:30 hs,,
-64.1076423,-31.3931263,0,CS N° 98 - Mercado de Abasto,Centro de Salud,"MERCADO DE ABASTO
Atención: Lunes:
ZEITUNLIAN y Contrera
5.30 hs - 13.12 hs

Martes y Jueves:
ZEITUNLIAN: 8 - 15.12 hs
Contrera: 12 - 19 hs

Miércoles y Viernes:
ZEITUNLIAN: 9 - 16.12 hs.
Contrera: 9 - 16 hs
TE: 4969060","MERCADO DE ABASTO
Atención: Lunes:
ZEITUNLIAN y Contrera
5.30 hs - 13.12 hs

Martes y Jueves:
ZEITUNLIAN: 8 - 15.12 hs
Contrera: 12 - 19 hs

Miércoles y Viernes:
ZEITUNLIAN: 9 - 16.12 hs.
Contrera: 9 - 16 hs
TE: 4969060","MERCADO DE ABASTO
Atención: Lunes:
ZEITUNLIAN y Contrera
5.30 hs - 13.12 hs

Martes y Jueves:
ZEITUNLIAN: 8 - 15.12 hs
Contrera: 12 - 19 hs

Miércoles y Viernes:
ZEITUNLIAN: 9 - 16.12 hs.
Contrera: 9 - 16 hs
TE: 4969060","MERCADO DE ABASTO
Atención: Lunes:
ZEITUNLIAN y Contrera
5.30 hs - 13.12 hs

Martes y Jueves:
ZEITUNLIAN: 8 - 15.12 hs
Contrera: 12 - 19 hs

Miércoles y Viernes:
ZEITUNLIAN: 9 - 16.12 hs.
Contrera: 9 - 16 hs
TE: 4969060",,9 - 16 hs,,<br>ZEITUNLIAN: 8 - 15.12 hs,"4969060",,Lunes:,,<br>ZEITUNLIAN: 9 - 16.12 hs.
-64.2620959,-31.4029136,0,CS N° 99 - LOS ROBLES,Centro de Salud,"Docentes Argentinos 5890
Atención: Lunes a viernes de 7 a 14 hs","Docentes Argentinos 5890
Atención: Lunes a viernes de 7 a 14 hs","Docentes Argentinos 5890
Atención: Lunes a viernes de 7 a 14 hs","Docentes Argentinos 5890
Atención: Lunes a viernes de 7 a 14 hs",,,,,,,Lunes a viernes de 7 a 14 hs,,
-64.2510212,-31.4760221,0,CS N° 100 - HÉROES DE MALVINAS,Centro de Salud,"América Central
Atención: Lunes a viernes de 7 a 14hs","América Central
Atención: Lunes a viernes de 7 a 14hs","América Central
Atención: Lunes a viernes de 7 a 14hs","América Central
Atención: Lunes a viernes de 7 a 14hs",,,,,,,Lunes a viernes de 7 a 14hs,,
-64.2540959,-31.3142923,0,CS N° 101 - 12 de Julio,Centro de Salud,"Calle Manuel Lisandro Borda 6000
Atención lunes a viernes 7 a 15hs","Calle Manuel Lisandro Borda 6000
Atención lunes a viernes 7 a 15hs","Calle Manuel Lisandro Borda 6000
Atención lunes a viernes 7 a 15hs","Calle Manuel Lisandro Borda 6000
Atención lunes a viernes 7 a 15hs",,,,,,,,,
-64.175815,-31.411972,0,DEM CENTRO,Dirección de Especialidades Médicas,,4332738 / 39,"Lunes a Miércoles 7:00 a 17:00hs, Jueves y Viernes 7 a 14hs.

","Calle Sarmiento 450
","Cabina de audiometría; Cardiología – Electrocardiograma; Cardiología – Ergometría; Cardiología – Monitoreo holter; Ecografía; Electroencefalografo; Laboratorio automatizado; Mamografía; Oftalmología – Autorefractómetro; Oftalmología – Lámpara de hendidura; Oftalmología – Lupas y campo visual computarizado; Oftalmología – Oftalmoscopio binocular indirecto; Oftalmología – Oftalmoscopio directo",,,,,,,,
-64.175531,-31.412975,0,Hospital Municipal de Urgencias,Hospital,"Calle Catamarca 441 
Atención 24 horas 
TE: 4276200 int. 4129-4171-4172",4276200 int. 4129-4171-4172,Atención 24 hs,Catamarca 441 - B° Centro,"Bacteriología; Cirugía de tórax; Cirugía general; Cirugía plástica; Cirugía vascular; Clínica médica; Diagnóstico por imágenes; Emergentología; Gastroenterología; Kinesiología; Laboratorio; Medicina legal; Medicina transfusional; Neurocirugía; Salud mental; Toxicología; Traumatología y Ortopedia; Urología",,,,4276200 int. 4129-4171-4172,,,,
-64.182585,-31.380075,0,Hospital Infantil Municipal ,Hospital,"Calle Lavalleja 3050 - Bº Alta Córdoba 
Atención 24 hs 
TE: 4708800 - 4335452 al 58 Conm. 5000 Int 5010/11/12",4708800 - 4335452 al 58 Conm. 5000 Int 5010/11/12,Atención 24 hs,Lavalleja 3050 - Bº Alta Córdoba ,"Alergia e Inmunología; Anatomía patológica; Cardiología; Cirugía general; Cirugía plástica – Quemado curación; Consultorio de obesidad; Consultorio de pre quirúrgico y mediano riesgo; Consultorio de educación diabetológica; Dermatología; Diabetes; Endocrinología; Espirometría; Fonoaudiología; Gastroenterología; Hematología; Infectología; Kinesiología; Laboratorio; Medicina del deporte; Nefrología; Neumonología; Neurocirugía; Neurología; Neurorehabilitación; Nutrición; O.R.L; Oftalmología; Oncología; Psicomotricidad; Reumatología; Salud mental – Psiquiatría; Salud Mental – Psicología; Salud Mental – Psicopedagogía; Trabajo social; Traumatología; Urología; Vacunatorio",,,,4708800 - 4335452 al 58 Conm. 5000 Int 5010/11/12,,,,
-64.206693,-31.471013,0,Hospital Municipal Príncipe de Asturias,Hospital,"Calle Defensa 1200 - B° Villa El Libertador
TE: 4343221 - 4343222 - 4343223 - 4343224 - 4343225",4343221 - 4343222 - 4343223 - 4343224 - 4343225,Atención 24hs,Defensa 1200 - B° Villa El Libertador,"Cardiología; Cirugía general; Clínica médica; Diagnóstico por imágenes; Ginecología y Obstetricia; Guardia y shock room (Emergencias); Kinesiología; Medicina familiar; Nutrición; Odontología; Oftalmología; Pediatría; Salud mental; UTI (Unidad de Terapia Intensiva)",,,,4343221 - 4343222 - 4343223 - 4343224 - 4343225,,,,
-64.176394,-31.412123,0,Banco de Sangre Municipal,Banco de Sangre,,4332747 - 4276240 interno 4474/75/76,Lunes a viernes de 8 a 13 hs.,"Salta 480 B° Centro
",Hemoterapia,,,,,,,,
-64.136987,-31.417331,0,Residencia Municipal de Larga Estadía para Adultos Mayores “Padre La Mónaca”,Residencia para personas mayores,,4338558 - 4338559,"Atención 8:00 a 14:00
",Calle Estanislao Learte 653 - B° Mauller,,,,,,,,,
-64.209962,-31.407898,0,DEM OESTE,Dirección de Especialidades Médicas,,4337113 / 12 – 4337312,"Atención 07:00 a 17:00 hs
","Deán Funes 2000 esq. Muñiz - Bº Alberdi
","Cabina de audiometría; Cardiología – Electrocardiograma; Cardiología – Ergometría; Cardiología – Monitoreo holter; Ecografía; Electroencefalografo; Laboratorio automatizado; Mamografía; Oftalmología – Autorefractómetro; Oftalmología – Lámpara de hendidura; Oftalmología – Lupas y campo visual computarizado; Oftalmología – Oftalmoscopio binocular indirecto; Oftalmología – Oftalmoscopio directo",,,,,,,,
-64.181201,-31.37937,0,DEM NORTE,Dirección de Especialidades Médicas,,4708880 / 81,"Atención 07:00 a 15:00 hs
","Anacreonte esq. Jujuy - Bº Alta Córdoba
","Cabina de audiometría; Cardiología – Electrocardiograma; Cardiología – Ergometría; Cardiología – Monitoreo holter; Ecografía; Electroencefalografo; Laboratorio automatizado; Mamografía; Oftalmología – Autorefractómetro; Oftalmología – Lámpara de hendidura; Oftalmología – Lupas y campo visual computarizado; Oftalmología – Oftalmoscopio binocular indirecto; Oftalmología – Oftalmoscopio directo",,,,,,,,
-64.1639553,-31.3941374,0,Hospital de Pronta Atención COMIPAZ,Hospital de Pronta Atención,Av. del Trabajo 830,0351-4456667,Guardia 24 horas,Av. del Trabajo 830,"Atención ambulatoria; área de internación de tipo intermedia; salas de shock room; internaciones; atención de urgencias de mediana complejidad; servicio de enfermería; sala de diagnóstico por imágenes; análisis de laboratorio; servicio de farmacia; base y unidades móviles del Servicio de Emergencias Médicas Municipal 107.",,,,,,,,
-64.135155,-31.4067311,0,Hospital de Pronta Atención San Jorge,Hospital de Pronta Atención,"Ramon Bautista Mestre 5850
",,"Guardia 24 horas
","Ramon Bautista Mestre 5850
","Atención ambulatoria; área de internación de tipo intermedia; salas de shock room; internaciones; atención de urgencias de mediana complejidad; servicio de enfermería; sala de diagnóstico por imágenes; análisis de laboratorio; servicio de farmacia; base y unidades móviles del Servicio de Emergencias Médicas Municipal 107.",,,,,,,,
-64.2527824,-31.4339018,0,Hospital de Pronta Atención Madre Teresa de Calcuta,Hospital de Pronta Atención,"Av. Fuerza Aerea Argentina 5085
TEL: 0351 483-1676",0351 4831676,Guardia 24 horas,"Av. Fuerza Aérea Argentina 5085
","Atención ambulatoria; área de internación de tipo intermedia; salas de shock room; internaciones; atención de urgencias de mediana complejidad; servicio de enfermería; sala de diagnóstico por imágenes; análisis de laboratorio; servicio de farmacia; base y unidades móviles del Servicio de Emergencias Médicas Municipal 107.",,,,,0351 483-1676,,,
-64.2561026,-31.3404359,0,Hospital de Pronta Atención Cura Brochero,Hospital de Pronta Atención,"Av. Ricardo Rojas 6950
TEL: 03543 40-7299","3543407299 / 3543407131
",Guardia 24 horas,"Av. Ricardo Rojas 6950
","Atención ambulatoria; área de internación de tipo intermedia; salas de shock room; internaciones; atención de urgencias de mediana complejidad; servicio de enfermería; sala de diagnóstico por imágenes; análisis de laboratorio; servicio de farmacia; base y unidades móviles del Servicio de Emergencias Médicas Municipal 107.",,,,,03543 40-7299,,,
